id,Pamp,Ramp,Tamp,PR,QRS,QT,RRI,dRRI,label
1,-0.020,-1.475,-0.150,19.444,5.556,280.556,1116.667,16.667,N
2,-0.110,-1.670,-0.245,22.222,2.778,263.889,1183.333,66.667,N
3,-0.130,-1.875,-0.280,27.778,2.778,277.778,1152.778,30.556,N
4,-0.090,-1.715,-0.200,22.222,0.000,283.333,1188.889,36.111,N
5,-0.120,-1.750,-0.170,25.000,2.778,269.444,1188.889,0.000,N
6,0.000,-1.640,-0.155,22.222,2.778,252.778,1177.778,11.111,N
7,-0.015,-1.555,-0.130,22.222,2.778,263.889,1191.667,13.889,N
8,-0.155,-1.820,-0.220,27.778,0.000,280.556,1177.778,13.889,N
9,-0.020,-1.640,-0.145,25.000,2.778,263.889,1161.111,16.667,N
10,-0.020,-1.600,-0.155,25.000,2.778,280.556,1219.444,58.333,N
11,-0.090,-1.150,-0.150,41.667,19.444,277.778,1205.556,13.889,N
12,0.055,-1.490,-0.085,22.222,2.778,286.111,1180.556,25.000,N
13,-0.095,-1.690,-0.150,27.778,2.778,277.778,1255.556,75.000,N
14,0.000,-1.550,-0.125,22.222,2.778,269.444,1202.778,52.778,N
15,-0.130,-1.640,-0.200,25.000,0.000,288.889,1244.444,41.667,N
16,-0.080,-1.095,-0.165,41.667,19.444,275.000,1222.222,22.222,N
17,-0.020,-1.520,-0.145,22.222,2.778,283.333,1247.222,25.000,N
18,-0.040,-1.080,-0.140,44.444,16.667,261.111,1244.444,2.778,N
19,0.035,-1.495,-0.085,25.000,2.778,280.556,1225.000,19.444,N
20,-0.125,-1.725,-0.185,27.778,0.000,263.889,1225.000,0.000,N
21,-0.040,-1.470,-0.150,22.222,5.556,269.444,1191.667,33.333,N
22,-0.065,-1.525,-0.150,22.222,2.778,277.778,1222.222,30.556,N
23,-0.085,-1.790,-0.235,25.000,0.000,280.556,1138.889,83.333,N
24,-0.015,-1.440,-0.170,19.444,5.556,283.333,1158.333,19.444,N
25,-0.170,-1.720,-0.210,30.556,2.778,275.000,1150.000,8.333,N
26,-0.040,-1.665,-0.125,22.222,0.000,272.222,1163.889,13.889,N
27,0.020,-1.505,-0.050,22.222,2.778,272.222,1230.556,66.667,N
28,-0.035,-1.660,-0.120,27.778,2.778,277.778,1230.556,0.000,N
29,-0.005,-1.420,-0.130,22.222,2.778,272.222,1211.111,19.444,N
30,-0.110,-1.675,-0.110,27.778,2.778,283.333,1258.333,47.222,N
31,0.055,-1.495,-0.065,22.222,2.778,275.000,1205.556,52.778,N
32,-0.040,-1.590,-0.170,22.222,2.778,275.000,1258.333,52.778,N
33,-0.075,-1.290,-0.205,44.444,16.667,272.222,1227.778,30.556,N
34,-0.070,-1.470,-0.185,22.222,5.556,294.444,1197.222,30.556,N
35,-0.160,-1.785,-0.225,27.778,2.778,275.000,1216.667,19.444,N
36,-0.060,-1.480,-0.190,19.444,5.556,288.889,1188.889,27.778,N
37,-0.175,-1.635,-0.245,22.222,2.778,288.889,1227.778,38.889,N
38,-0.130,-1.715,-0.220,27.778,0.000,291.667,1194.444,33.333,N
39,-0.035,-1.575,-0.145,22.222,2.778,275.000,1219.444,25.000,N
40,-0.100,-1.710,-0.155,27.778,2.778,277.778,1266.667,47.222,N
41,0.030,-1.610,-0.120,22.222,2.778,288.889,1186.111,80.556,N
42,-0.055,-1.690,-0.165,25.000,0.000,275.000,1255.556,69.444,N
43,-0.050,-1.195,-0.160,44.444,19.444,277.778,1244.444,11.111,N
44,-0.075,-1.570,-0.175,22.222,2.778,288.889,1202.778,41.667,N
45,-0.155,-1.735,-0.240,27.778,2.778,283.333,1211.111,8.333,N
46,-0.110,-1.525,-0.185,25.000,2.778,288.889,1222.222,11.111,N
47,-0.135,-1.705,-0.215,27.778,2.778,283.333,1213.889,8.333,N
48,-0.020,-1.325,-0.200,19.444,5.556,275.000,1208.333,5.556,N
49,-0.165,-1.605,-0.220,30.556,2.778,280.556,1233.333,25.000,N
50,-0.080,-1.580,-0.175,25.000,0.000,263.889,1211.111,22.222,N
51,-0.050,-1.565,-0.155,25.000,0.000,288.889,1211.111,0.000,N
52,-0.180,-1.745,-0.255,27.778,2.778,277.778,1241.667,30.556,N
53,-0.040,-1.565,-0.190,22.222,2.778,283.333,1191.667,50.000,N
54,-0.250,-1.705,-0.300,27.778,2.778,291.667,1225.000,33.333,N
55,-0.075,-1.685,-0.235,25.000,0.000,277.778,1152.778,72.222,N
56,-0.185,-1.755,-0.280,25.000,0.000,277.778,1200.000,47.222,N
57,-0.185,-1.905,-0.295,27.778,2.778,272.222,1169.444,30.556,N
58,-0.085,-1.535,-0.180,19.444,5.556,283.333,1155.556,13.889,N
59,-0.160,-1.760,-0.215,27.778,0.000,277.778,1225.000,69.444,N
60,-0.025,-1.590,-0.180,22.222,2.778,272.222,1175.000,50.000,N
61,-0.160,-1.125,-0.200,41.667,19.444,283.333,1222.222,47.222,N
62,-0.140,-1.660,-0.200,25.000,2.778,269.444,1166.667,55.556,N
63,-0.080,-1.550,-0.215,22.222,2.778,275.000,1225.000,58.333,N
64,-0.205,-1.780,-0.220,27.778,0.000,280.556,1225.000,0.000,N
65,-0.060,-1.450,-0.190,19.444,5.556,302.778,1177.778,47.222,N
66,-0.230,-1.730,-0.280,27.778,0.000,269.444,1236.111,58.333,N
67,-0.150,-1.690,-0.285,22.222,2.778,288.889,1119.444,116.667,N
68,-0.180,-1.700,-0.330,22.222,2.778,277.778,1211.111,91.667,N
69,-0.310,-1.920,-0.410,27.778,2.778,266.667,1177.778,33.333,N
70,-0.170,-1.665,-0.290,19.444,5.556,283.333,1208.333,30.556,N
71,-0.335,-1.830,-0.370,30.556,2.778,275.000,1227.778,19.444,N
72,-0.215,-1.770,-0.315,22.222,2.778,272.222,1230.556,2.778,N
73,-0.280,-1.895,-0.355,25.000,0.000,269.444,1261.111,30.556,N
74,-0.115,-1.675,-0.270,22.222,2.778,269.444,1202.778,58.333,N
75,-0.185,-1.270,-0.225,44.444,16.667,294.444,1258.333,55.556,N
76,-0.060,-1.710,-0.210,25.000,0.000,275.000,1208.333,50.000,N
77,-0.055,-1.195,-0.175,41.667,16.667,291.667,1252.778,44.444,N
78,-0.055,-1.280,-0.140,41.667,16.667,300.000,1202.778,50.000,N
79,0.030,-1.465,-0.125,22.222,5.556,294.444,1219.444,16.667,N
80,-0.080,-1.670,-0.105,30.556,5.556,300.000,1200.000,19.444,N
81,0.060,-1.590,-0.095,22.222,2.778,280.556,1180.556,19.444,N
82,-0.135,-1.725,-0.155,27.778,2.778,286.111,1233.333,52.778,N
83,0.005,-1.705,-0.160,25.000,0.000,269.444,1219.444,13.889,N
84,-0.055,-1.695,-0.225,22.222,2.778,272.222,1205.556,13.889,N
85,-0.075,-1.845,-0.230,27.778,2.778,272.222,1227.778,22.222,N
86,0.015,-1.600,-0.145,22.222,2.778,277.778,1194.444,33.333,N
87,-0.150,-1.910,-0.245,27.778,0.000,252.778,1188.889,5.556,N
88,-0.005,-1.550,-0.150,22.222,2.778,283.333,1161.111,27.778,N
89,-0.075,-1.690,-0.215,27.778,0.000,294.444,1222.222,61.111,N
90,-0.075,-1.600,-0.235,22.222,2.778,291.667,1177.778,44.444,N
91,-0.095,-1.545,-0.265,22.222,5.556,291.667,1200.000,22.222,N
92,-0.105,-1.785,-0.235,27.778,2.778,277.778,1225.000,25.000,N
93,-0.040,-1.580,-0.170,22.222,2.778,300.000,1202.778,22.222,N
94,-0.100,-1.700,-0.175,27.778,2.778,275.000,1219.444,16.667,N
95,-0.030,-1.540,-0.190,22.222,2.778,277.778,1175.000,44.444,N
96,-0.145,-1.615,-0.235,27.778,2.778,286.111,1225.000,50.000,N
97,-0.055,-1.640,-0.195,25.000,0.000,275.000,1175.000,50.000,N
98,-0.080,-1.485,-0.180,25.000,2.778,280.556,1186.111,11.111,N
99,-0.120,-1.720,-0.215,27.778,0.000,275.000,1180.556,5.556,N
100,-0.045,-1.530,-0.165,22.222,5.556,291.667,1150.000,30.556,N
101,-0.190,-1.775,-0.285,27.778,2.778,280.556,1191.667,41.667,N
102,-0.140,-1.795,-0.260,25.000,0.000,280.556,1163.889,27.778,N
103,-0.155,-1.730,-0.275,25.000,0.000,277.778,1202.778,38.889,N
104,-0.270,-1.865,-0.315,27.778,2.778,280.556,1194.444,8.333,N
105,-0.140,-1.720,-0.300,22.222,2.778,280.556,1194.444,0.000,N
106,-0.265,-1.795,-0.390,25.000,0.000,275.000,1236.111,41.667,N
107,-0.250,-1.875,-0.360,27.778,2.778,277.778,1194.444,41.667,N
108,-0.115,-1.695,-0.270,25.000,2.778,272.222,1183.333,11.111,N
109,-0.245,-1.850,-0.290,27.778,0.000,288.889,1213.889,30.556,N
110,-0.065,-1.660,-0.225,22.222,2.778,277.778,1186.111,27.778,N
111,-0.165,-1.700,-0.200,27.778,2.778,302.778,1238.889,52.778,N
112,-0.080,-1.670,-0.175,27.778,2.778,288.889,1213.889,25.000,N
113,-0.100,-1.595,-0.235,22.222,2.778,286.111,1208.333,5.556,N
114,-0.230,-1.725,-0.270,27.778,5.556,280.556,1202.778,5.556,N
115,-0.120,-1.590,-0.285,25.000,2.778,294.444,1175.000,27.778,N
116,-0.280,-1.760,-0.315,27.778,2.778,280.556,1222.222,47.222,N
117,-0.180,-1.725,-0.300,27.778,0.000,263.889,1163.889,58.333,N
118,-0.210,-1.680,-0.320,22.222,2.778,288.889,1191.667,27.778,N
119,-0.270,-1.810,-0.320,27.778,2.778,280.556,1186.111,5.556,N
120,-0.110,-1.705,-0.310,22.222,2.778,275.000,1130.556,55.556,N
121,-0.180,-1.700,-0.320,22.222,2.778,286.111,1197.222,66.667,N
122,-0.235,-1.810,-0.345,30.556,2.778,275.000,1180.556,16.667,N
123,-0.110,-1.740,-0.270,25.000,2.778,286.111,1188.889,8.333,N
124,-0.230,-1.725,-0.300,25.000,2.778,286.111,1188.889,0.000,N
125,-0.210,-1.825,-0.330,27.778,2.778,294.444,1191.667,2.778,N
126,-0.140,-1.615,-0.250,22.222,2.778,258.333,1205.556,13.889,N
127,-0.235,-1.740,-0.285,27.778,2.778,277.778,1188.889,16.667,N
128,-0.115,-1.640,-0.260,22.222,2.778,286.111,1155.556,33.333,N
129,-0.170,-1.665,-0.260,25.000,0.000,280.556,1175.000,19.444,N
130,-0.125,-1.725,-0.200,25.000,2.778,283.333,1161.111,13.889,N
131,-0.060,-1.570,-0.145,22.222,2.778,294.444,1155.556,5.556,N
132,-0.190,-1.730,-0.235,27.778,2.778,272.222,1227.778,72.222,N
133,-0.155,-1.720,-0.285,25.000,0.000,263.889,1205.556,22.222,N
134,-0.235,-1.775,-0.335,25.000,0.000,275.000,1288.889,83.333,N
135,-0.170,-1.770,-0.305,27.778,2.778,275.000,1236.111,52.778,N
136,-0.160,-1.680,-0.200,25.000,2.778,283.333,1255.556,19.444,N
137,-0.215,-1.730,-0.260,27.778,2.778,275.000,1233.333,22.222,N
138,-0.180,-1.705,-0.320,22.222,2.778,288.889,1233.333,0.000,N
139,-0.315,-1.880,-0.380,27.778,0.000,286.111,1261.111,27.778,N
140,-0.235,-1.615,-0.340,22.222,5.556,297.222,1219.444,41.667,N
141,-0.315,-1.795,-0.395,27.778,2.778,280.556,1263.889,44.444,N
142,-0.305,-1.865,-0.450,27.778,0.000,275.000,1202.778,61.111,N
143,-0.315,-1.805,-0.460,22.222,2.778,277.778,1236.111,33.333,N
144,-0.305,-1.905,-0.380,30.556,2.778,291.667,1180.556,55.556,N
145,-0.200,-1.690,-0.310,22.222,2.778,291.667,1200.000,19.444,N
146,-0.305,-1.810,-0.330,27.778,2.778,263.889,1200.000,0.000,N
147,-0.165,-1.675,-0.325,22.222,2.778,275.000,1152.778,47.222,N
148,-0.205,-1.640,-0.310,22.222,2.778,297.222,1172.222,19.444,N
149,-0.230,-1.890,-0.330,27.778,0.000,280.556,1188.889,16.667,N
150,-0.170,-1.610,-0.335,22.222,2.778,305.556,1138.889,50.000,N
151,-0.310,-1.830,-0.360,30.556,2.778,294.444,1180.556,41.667,N
152,-0.235,-1.650,-0.385,22.222,2.778,288.889,1163.889,16.667,N
153,-0.275,-1.710,-0.430,22.222,2.778,272.222,1194.444,30.556,N
154,-0.315,-1.905,-0.450,27.778,2.778,275.000,1163.889,30.556,N
155,-0.325,-1.780,-0.435,22.222,0.000,294.444,1180.556,16.667,N
156,-0.450,-1.955,-0.450,25.000,2.778,286.111,1205.556,25.000,N
157,-0.285,-1.705,-0.410,19.444,2.778,288.889,1136.111,69.444,N
158,-0.280,-1.705,-0.440,22.222,5.556,288.889,1191.667,55.556,N
159,-0.280,-1.910,-0.410,27.778,2.778,275.000,1188.889,2.778,N
160,-0.265,-1.615,-0.370,22.222,2.778,302.778,1175.000,13.889,N
161,-0.370,-1.840,-0.435,27.778,2.778,275.000,1225.000,50.000,N
162,-0.245,-1.795,-0.405,22.222,2.778,283.333,1155.556,69.444,N
163,-0.220,-1.680,-0.360,22.222,2.778,277.778,1208.333,52.778,N
164,-0.265,-1.690,-0.315,30.556,2.778,283.333,1161.111,47.222,N
165,-0.135,-1.565,-0.250,25.000,2.778,283.333,1202.778,41.667,N
166,-0.190,-1.670,-0.220,30.556,2.778,277.778,1202.778,0.000,N
167,-0.030,-1.575,-0.215,22.222,2.778,275.000,1172.222,30.556,N
168,-0.255,-1.660,-0.290,27.778,2.778,288.889,1219.444,47.222,N
169,-0.165,-1.715,-0.285,27.778,0.000,297.222,1188.889,30.556,N
170,-0.230,-1.610,-0.325,22.222,2.778,288.889,1205.556,16.667,N
171,-0.270,-1.890,-0.365,25.000,0.000,286.111,1213.889,8.333,N
172,-0.195,-1.760,-0.380,22.222,2.778,275.000,1177.778,36.111,N
173,-0.360,-1.850,-0.455,27.778,2.778,288.889,1183.333,5.556,N
174,-0.345,-1.950,-0.400,27.778,2.778,275.000,1155.556,27.778,N
175,-0.240,-1.835,-0.395,22.222,0.000,280.556,1158.333,2.778,N
176,-0.385,-1.905,-0.420,27.778,5.556,280.556,1202.778,44.444,N
177,-0.140,-1.790,-0.325,22.222,2.778,280.556,1127.778,75.000,N
178,-0.140,-1.730,-0.300,22.222,2.778,297.222,1175.000,47.222,N
179,-0.130,-1.755,-0.230,27.778,2.778,277.778,1172.222,2.778,N
180,-0.025,-1.640,-0.205,25.000,2.778,272.222,1127.778,44.444,N
181,-0.115,-1.630,-0.185,27.778,2.778,277.778,1166.667,38.889,N
182,-0.025,-1.600,-0.130,27.778,2.778,277.778,1133.333,33.333,N
183,-0.045,-1.620,-0.155,25.000,0.000,280.556,1155.556,22.222,N
184,-0.130,-1.680,-0.160,27.778,5.556,280.556,1144.444,11.111,N
185,-0.055,-1.565,-0.135,22.222,2.778,291.667,1147.222,2.778,N
186,-0.140,-1.725,-0.205,27.778,0.000,266.667,1197.222,50.000,N
187,-0.045,-1.600,-0.205,22.222,2.778,280.556,1155.556,41.667,N
188,-0.270,-1.725,-0.280,27.778,2.778,286.111,1197.222,41.667,N
189,-0.230,-1.660,-0.315,27.778,2.778,305.556,1172.222,25.000,N
190,-0.190,-1.705,-0.335,22.222,0.000,275.000,1202.778,30.556,N
191,-0.250,-1.840,-0.330,27.778,2.778,272.222,1175.000,27.778,N
192,-0.095,-1.650,-0.305,22.222,2.778,288.889,1180.556,5.556,N
193,-0.285,-1.745,-0.365,27.778,2.778,288.889,1194.444,13.889,N
194,-0.190,-1.735,-0.315,27.778,2.778,286.111,1169.444,25.000,N
195,-0.110,-1.625,-0.270,25.000,2.778,294.444,1155.556,13.889,N
196,-0.150,-1.760,-0.215,27.778,0.000,286.111,1180.556,25.000,N
197,-0.015,-1.610,-0.165,22.222,2.778,280.556,1144.444,36.111,N
198,-0.050,-1.590,-0.125,27.778,2.778,297.222,1180.556,36.111,N
199,0.110,-1.580,-0.060,27.778,2.778,291.667,1166.667,13.889,N
200,0.110,-1.470,-0.040,22.222,0.000,275.000,1197.222,30.556,N
201,-0.005,-1.670,-0.070,27.778,0.000,283.333,1211.111,13.889,N
202,0.085,-1.515,-0.080,25.000,2.778,294.444,1191.667,19.444,N
203,-0.080,-1.120,-0.150,41.667,16.667,286.111,1255.556,63.889,N
204,0.020,-1.130,-0.160,44.444,19.444,275.000,1186.111,69.444,N
205,-0.080,-1.555,-0.200,27.778,0.000,288.889,1208.333,22.222,N
206,-0.155,-1.690,-0.250,30.556,2.778,283.333,1202.778,5.556,N
207,-0.085,-1.550,-0.285,22.222,2.778,302.778,1177.778,25.000,N
208,-0.225,-1.725,-0.310,25.000,0.000,272.222,1238.889,61.111,N
209,-0.045,-1.625,-0.200,22.222,0.000,286.111,1183.333,55.556,N
210,-0.065,-1.550,-0.175,27.778,2.778,288.889,1230.556,47.222,N
211,0.030,-1.495,-0.115,25.000,0.000,300.000,1183.333,47.222,N
212,-0.055,-1.525,-0.130,27.778,2.778,294.444,1244.444,61.111,N
213,0.100,-0.920,-0.050,41.667,16.667,277.778,1230.556,13.889,N
214,0.115,-1.425,0.010,25.000,2.778,280.556,1225.000,5.556,N
215,0.185,-1.370,-0.025,27.778,5.556,277.778,1202.778,22.222,N
216,0.145,-1.375,-0.030,22.222,2.778,277.778,1230.556,27.778,N
217,0.145,-1.495,0.035,27.778,2.778,277.778,1202.778,27.778,N
218,0.250,-1.375,0.070,25.000,2.778,280.556,1188.889,13.889,N
219,0.125,-1.445,0.025,27.778,2.778,275.000,1211.111,22.222,N
220,0.175,-1.325,0.010,22.222,2.778,294.444,1147.222,63.889,N
221,0.060,-1.465,-0.035,25.000,0.000,291.667,1200.000,52.778,N
222,0.090,-1.600,-0.055,27.778,2.778,286.111,1177.778,22.222,N
223,0.170,-1.465,-0.015,22.222,2.778,277.778,1177.778,0.000,N
224,0.070,-1.585,-0.020,27.778,2.778,288.889,1188.889,11.111,N
225,0.185,-1.430,0.035,22.222,2.778,288.889,1155.556,33.333,N
226,0.180,-1.480,-0.020,25.000,0.000,283.333,1183.333,27.778,N
227,0.000,-1.495,-0.010,30.556,5.556,291.667,1163.889,19.444,N
228,0.140,-1.480,-0.055,22.222,2.778,286.111,1158.333,5.556,N
229,-0.080,-1.695,-0.155,27.778,2.778,286.111,1205.556,47.222,N
230,0.015,-1.590,-0.160,22.222,2.778,288.889,1194.444,11.111,N
231,-0.040,-1.545,-0.160,19.444,2.778,288.889,1205.556,11.111,N
232,-0.080,-1.660,-0.130,27.778,2.778,275.000,1241.667,36.111,N
233,0.070,-1.560,-0.120,22.222,2.778,272.222,1202.778,38.889,N
234,-0.030,-1.625,-0.190,25.000,0.000,275.000,1236.111,33.333,N
235,-0.060,-1.725,-0.170,27.778,2.778,275.000,1166.667,69.444,N
236,-0.070,-1.600,-0.195,25.000,2.778,288.889,1186.111,19.444,N
237,-0.125,-1.640,-0.150,30.556,2.778,291.667,1197.222,11.111,N
238,0.015,-1.625,-0.135,25.000,0.000,294.444,1158.333,38.889,N
239,0.005,-1.665,-0.125,25.000,0.000,277.778,1191.667,33.333,N
240,0.020,-1.720,-0.140,30.556,2.778,277.778,1169.444,22.222,N
241,-0.020,-1.675,-0.130,22.222,0.000,286.111,1186.111,16.667,N
242,-0.110,-1.790,-0.175,27.778,2.778,280.556,1216.667,30.556,N
243,-0.030,-1.750,-0.175,25.000,0.000,286.111,1186.111,30.556,N
244,-0.030,-1.710,-0.145,25.000,2.778,277.778,1211.111,25.000,N
245,-0.035,-1.700,-0.165,27.778,2.778,294.444,1175.000,36.111,N
246,0.000,-1.510,-0.170,22.222,2.778,300.000,1197.222,22.222,N
247,-0.130,-1.650,-0.170,27.778,2.778,280.556,1191.667,5.556,N
248,0.020,-1.600,-0.185,25.000,0.000,277.778,1175.000,16.667,N
249,-0.030,-1.585,-0.135,25.000,0.000,288.889,1186.111,11.111,N
250,0.000,-1.620,-0.165,27.778,2.778,266.667,1194.444,8.333,N
251,0.000,-1.535,-0.150,22.222,2.778,280.556,1169.444,25.000,N
252,-0.025,-1.655,-0.115,27.778,2.778,277.778,1213.889,44.444,N
253,0.090,-1.470,-0.100,22.222,2.778,277.778,1163.889,50.000,N
254,0.055,-1.490,-0.050,25.000,2.778,283.333,1197.222,33.333,N
255,0.100,-1.450,-0.040,27.778,5.556,294.444,1161.111,36.111,N
256,0.100,-1.535,-0.120,25.000,0.000,283.333,1180.556,19.444,N
257,-0.120,-1.655,-0.210,27.778,2.778,286.111,1183.333,2.778,N
258,0.000,-1.595,-0.175,22.222,2.778,277.778,1147.222,36.111,N
259,-0.095,-1.610,-0.180,27.778,2.778,294.444,1186.111,38.889,N
260,-0.045,-1.710,-0.235,27.778,2.778,263.889,1161.111,25.000,N
261,-0.040,-1.595,-0.200,22.222,2.778,269.444,1166.667,5.556,N
262,-0.225,-1.810,-0.270,27.778,0.000,288.889,1177.778,11.111,N
263,-0.080,-1.680,-0.230,22.222,2.778,288.889,1172.222,5.556,N
264,-0.120,-1.735,-0.250,27.778,2.778,280.556,1216.667,44.444,N
265,-0.135,-1.895,-0.270,25.000,2.778,305.556,1161.111,55.556,N
266,-0.060,-1.720,-0.255,22.222,2.778,300.000,1177.778,16.667,N
267,-0.160,-1.865,-0.220,27.778,2.778,269.444,1166.667,11.111,N
268,0.005,-1.650,-0.150,22.222,2.778,283.333,1144.444,22.222,N
269,-0.075,-1.685,-0.165,25.000,0.000,291.667,1161.111,16.667,N
270,-0.060,-1.830,-0.195,27.778,2.778,275.000,1188.889,27.778,N
271,-0.025,-1.705,-0.180,25.000,2.778,280.556,1150.000,38.889,N
272,-0.155,-1.840,-0.245,30.556,2.778,302.778,1183.333,33.333,N
273,-0.035,-1.685,-0.180,22.222,2.778,291.667,1152.778,30.556,N
274,-0.085,-1.735,-0.225,25.000,0.000,297.222,1183.333,30.556,N
275,-0.160,-1.845,-0.280,27.778,2.778,266.667,1175.000,8.333,N
276,-0.115,-1.700,-0.240,25.000,2.778,294.444,1166.667,8.333,N
277,-0.210,-1.925,-0.310,27.778,2.778,275.000,1188.889,22.222,N
278,-0.170,-1.800,-0.315,22.222,0.000,283.333,1152.778,36.111,N
279,-0.290,-1.825,-0.370,25.000,0.000,263.889,1194.444,41.667,N
280,-0.175,-1.840,-0.340,27.778,0.000,291.667,1133.333,61.111,N
281,-0.165,-1.760,-0.350,25.000,0.000,277.778,1150.000,16.667,N
282,-0.260,-1.880,-0.300,27.778,0.000,286.111,1158.333,8.333,N
283,-0.075,-1.645,-0.225,22.222,2.778,286.111,1138.889,19.444,N
284,-0.180,-1.655,-0.245,27.778,2.778,294.444,1188.889,50.000,N
285,-0.090,-1.715,-0.215,27.778,2.778,275.000,1152.778,36.111,N
286,-0.015,-1.595,-0.155,22.222,2.778,286.111,1194.444,41.667,N
287,-0.075,-1.655,-0.155,27.778,2.778,275.000,1175.000,19.444,N
288,0.055,-1.535,-0.125,22.222,2.778,286.111,1150.000,25.000,N
289,-0.085,-1.615,-0.200,22.222,0.000,286.111,1172.222,22.222,N
290,-0.190,-1.765,-0.255,27.778,2.778,283.333,1172.222,0.000,N
291,-0.100,-1.615,-0.235,22.222,2.778,291.667,1155.556,16.667,N
292,-0.210,-1.690,-0.305,27.778,2.778,300.000,1191.667,36.111,N
293,-0.145,-1.725,-0.320,25.000,0.000,288.889,1172.222,19.444,N
294,-0.235,-1.730,-0.375,25.000,0.000,283.333,1172.222,0.000,N
295,-0.255,-1.805,-0.365,30.556,2.778,291.667,1169.444,2.778,N
296,-0.145,-1.665,-0.305,22.222,2.778,283.333,1138.889,30.556,N
297,-0.220,-1.710,-0.315,27.778,0.000,286.111,1186.111,47.222,N
298,-0.060,-1.675,-0.260,25.000,0.000,283.333,1136.111,50.000,N
299,-0.085,-1.650,-0.280,22.222,2.778,302.778,1155.556,19.444,N
300,-0.220,-1.775,-0.285,27.778,0.000,288.889,1152.778,2.778,N
301,-0.065,-1.620,-0.225,25.000,0.000,291.667,1133.333,19.444,N
302,-0.175,-1.640,-0.265,27.778,2.778,283.333,1177.778,44.444,N
303,-0.160,-1.700,-0.275,27.778,2.778,288.889,1158.333,19.444,N
304,-0.140,-1.620,-0.240,25.000,0.000,283.333,1200.000,41.667,N
305,-0.170,-1.665,-0.275,27.778,2.778,294.444,1194.444,5.556,N
306,-0.140,-1.680,-0.295,25.000,2.778,294.444,1169.444,25.000,N
307,-0.200,-1.720,-0.310,30.556,2.778,297.222,1197.222,27.778,N
308,-0.180,-1.765,-0.355,22.222,2.778,294.444,1130.556,66.667,N
309,-0.230,-1.790,-0.360,25.000,0.000,269.444,1169.444,38.889,N
310,-0.200,-1.935,-0.365,27.778,0.000,266.667,1133.333,36.111,N
311,-0.135,-1.770,-0.295,22.222,2.778,275.000,1155.556,22.222,N
312,-0.170,-1.790,-0.235,27.778,2.778,272.222,1183.333,27.778,N
313,-0.030,-1.690,-0.160,27.778,0.000,291.667,1166.667,16.667,N
314,-0.065,-1.665,-0.165,25.000,2.778,286.111,1208.333,41.667,N
315,-0.100,-1.860,-0.175,27.778,0.000,291.667,1191.667,16.667,N
316,0.010,-1.650,-0.150,22.222,2.778,283.333,1211.111,19.444,N
317,-0.150,-1.755,-0.200,30.556,0.000,294.444,1222.222,11.111,N
318,-0.030,-1.750,-0.150,25.000,0.000,269.444,1158.333,63.889,N
319,0.035,-1.625,-0.120,22.222,2.778,280.556,1191.667,33.333,N
320,-0.070,-1.780,-0.125,27.778,2.778,275.000,1233.333,41.667,N
321,0.055,-1.630,-0.090,25.000,0.000,263.889,1188.889,44.444,N
322,-0.040,-1.605,-0.130,25.000,0.000,263.889,1230.556,41.667,N
323,-0.005,-1.780,-0.100,27.778,0.000,277.778,1183.333,47.222,N
324,-0.005,-1.520,-0.120,25.000,5.556,294.444,1216.667,33.333,N
325,-0.125,-1.230,-0.145,44.444,16.667,272.222,1244.444,27.778,N
326,-0.025,-1.560,-0.135,25.000,2.778,297.222,1155.556,88.889,N
327,-0.150,-1.750,-0.180,27.778,0.000,286.111,1244.444,88.889,N
328,-0.070,-1.630,-0.210,22.222,0.000,294.444,1186.111,58.333,N
329,-0.080,-1.540,-0.215,25.000,2.778,277.778,1200.000,13.889,N
330,-0.115,-1.720,-0.165,27.778,2.778,277.778,1158.333,41.667,N
331,0.040,-1.505,-0.110,22.222,5.556,283.333,1163.889,5.556,N
332,-0.105,-1.690,-0.185,27.778,2.778,272.222,1186.111,22.222,N
333,-0.055,-1.600,-0.210,27.778,2.778,297.222,1158.333,27.778,N
334,-0.115,-1.645,-0.165,25.000,2.778,280.556,1188.889,30.556,N
335,-0.055,-1.625,-0.160,27.778,2.778,300.000,1183.333,5.556,N
336,-0.040,-1.575,-0.195,19.444,2.778,283.333,1216.667,33.333,N
337,-0.130,-1.695,-0.225,30.556,2.778,277.778,1219.444,2.778,N
338,-0.125,-1.640,-0.260,22.222,2.778,288.889,1238.889,19.444,N
339,-0.245,-1.245,-0.345,41.667,16.667,275.000,1236.111,2.778,N
340,-0.240,-1.720,-0.360,27.778,2.778,272.222,1188.889,47.222,N
341,-0.285,-1.760,-0.400,25.000,0.000,258.333,1208.333,19.444,N
342,-0.325,-1.920,-0.415,25.000,2.778,283.333,1208.333,0.000,N
343,-0.235,-1.740,-0.370,25.000,2.778,288.889,1161.111,47.222,N
344,-0.330,-1.345,-0.375,44.444,16.667,288.889,1197.222,36.111,N
345,-0.180,-1.795,-0.350,22.222,0.000,283.333,1150.000,47.222,N
346,-0.190,-1.710,-0.350,25.000,2.778,294.444,1202.778,52.778,N
347,-0.220,-1.860,-0.290,27.778,2.778,286.111,1225.000,22.222,N
348,-0.115,-1.705,-0.265,22.222,2.778,297.222,1188.889,36.111,N
349,-0.205,-1.775,-0.280,22.222,0.000,272.222,1255.556,66.667,N
350,-0.245,-1.880,-0.315,27.778,0.000,286.111,1186.111,69.444,N
351,-0.190,-1.815,-0.330,25.000,2.778,286.111,1225.000,38.889,N
352,-0.265,-1.855,-0.350,27.778,2.778,269.444,1200.000,25.000,N
353,-0.155,-1.740,-0.360,22.222,2.778,275.000,1197.222,2.778,N
354,-0.280,-1.860,-0.415,25.000,0.000,283.333,1227.778,30.556,N
355,-0.340,-2.070,-0.480,27.778,2.778,286.111,1194.444,33.333,N
356,-0.315,-1.905,-0.460,22.222,2.778,286.111,1194.444,0.000,N
357,-0.360,-2.020,-0.385,27.778,2.778,283.333,1238.889,44.444,N
358,-0.170,-1.815,-0.365,22.222,2.778,277.778,1175.000,63.889,N
359,-0.255,-1.885,-0.390,27.778,0.000,288.889,1194.444,19.444,N
360,-0.260,-1.965,-0.375,27.778,5.556,275.000,1180.556,13.889,N
361,-0.190,-1.890,-0.355,25.000,2.778,269.444,1166.667,13.889,N
362,-0.290,-1.955,-0.390,27.778,2.778,275.000,1200.000,33.333,N
363,-0.190,-1.880,-0.335,25.000,0.000,286.111,1147.222,52.778,N
364,-0.235,-1.860,-0.360,27.778,0.000,288.889,1200.000,52.778,N
365,-0.240,-1.895,-0.380,27.778,2.778,286.111,1163.889,36.111,N
366,-0.185,-1.755,-0.370,25.000,2.778,300.000,1188.889,25.000,N
367,-0.300,-1.945,-0.340,27.778,2.778,288.889,1213.889,25.000,N
368,-0.185,-1.670,-0.360,22.222,5.556,288.889,1155.556,58.333,N
369,-0.280,-1.835,-0.340,25.000,0.000,291.667,1205.556,50.000,N
370,-0.245,-1.830,-0.350,30.556,2.778,288.889,1172.222,33.333,N
371,-0.235,-1.795,-0.395,22.222,2.778,286.111,1197.222,25.000,N
372,-0.295,-1.930,-0.445,27.778,2.778,275.000,1186.111,11.111,N
373,-0.255,-1.810,-0.420,22.222,2.778,280.556,1188.889,2.778,N
374,-0.335,-1.855,-0.435,27.778,2.778,266.667,1188.889,0.000,N
375,-0.255,-1.740,-0.395,25.000,2.778,294.444,1136.111,52.778,N
376,-0.245,-1.805,-0.390,25.000,0.000,280.556,1186.111,50.000,N
377,-0.230,-1.840,-0.350,27.778,2.778,283.333,1163.889,22.222,N
378,-0.195,-1.750,-0.345,25.000,0.000,269.444,1177.778,13.889,N
379,-0.295,-1.750,-0.325,30.556,2.778,288.889,1177.778,0.000,N
380,-0.145,-1.735,-0.290,25.000,0.000,286.111,1163.889,13.889,N
381,-0.155,-1.695,-0.275,25.000,0.000,261.111,1166.667,2.778,N
382,-0.145,-1.720,-0.255,27.778,2.778,272.222,1155.556,11.111,N
383,-0.085,-1.630,-0.250,22.222,2.778,275.000,1133.333,22.222,N
384,-0.255,-1.760,-0.330,27.778,2.778,275.000,1205.556,72.222,N
385,-0.140,-1.805,-0.310,25.000,0.000,277.778,1158.333,47.222,N
386,-0.285,-1.885,-0.345,27.778,0.000,280.556,1194.444,36.111,N
387,-0.210,-1.890,-0.345,25.000,0.000,283.333,1197.222,2.778,N
388,-0.245,-1.855,-0.355,25.000,0.000,286.111,1197.222,0.000,N
389,-0.255,-1.865,-0.370,30.556,2.778,294.444,1188.889,8.333,N
390,-0.190,-1.795,-0.350,22.222,2.778,277.778,1186.111,2.778,N
391,-0.255,-1.760,-0.300,27.778,2.778,272.222,1213.889,27.778,N
392,-0.165,-1.715,-0.335,22.222,2.778,272.222,1133.333,80.556,N
393,-0.205,-1.705,-0.290,27.778,0.000,291.667,1175.000,41.667,N
394,-0.155,-1.750,-0.265,27.778,2.778,272.222,1158.333,16.667,N
395,-0.100,-1.595,-0.225,22.222,2.778,291.667,1141.667,16.667,N
396,-0.185,-1.685,-0.230,27.778,2.778,275.000,1191.667,50.000,N
397,-0.065,-1.620,-0.200,25.000,0.000,300.000,1166.667,25.000,N
398,-0.155,-1.630,-0.230,27.778,2.778,269.444,1202.778,36.111,N
399,-0.120,-1.765,-0.255,25.000,2.778,280.556,1152.778,50.000,N
400,-0.135,-1.700,-0.245,25.000,0.000,269.444,1213.889,61.111,N
401,-0.175,-1.875,-0.240,27.778,0.000,269.444,1169.444,44.444,N
402,-0.140,-1.680,-0.285,22.222,2.778,288.889,1138.889,30.556,N
403,-0.260,-1.835,-0.295,27.778,2.778,286.111,1177.778,38.889,N
404,-0.160,-1.865,-0.325,27.778,0.000,280.556,1172.222,5.556,N
405,-0.250,-1.780,-0.320,25.000,0.000,277.778,1208.333,36.111,N
406,-0.175,-1.940,-0.220,27.778,2.778,283.333,1188.889,19.444,N
407,-0.020,-1.675,-0.175,25.000,2.778,294.444,1216.667,27.778,N
408,-0.170,-1.825,-0.220,27.778,2.778,266.667,1208.333,8.333,N
409,-0.075,-1.740,-0.265,25.000,0.000,275.000,1155.556,52.778,N
410,-0.120,-1.850,-0.175,27.778,2.778,275.000,1169.444,13.889,N
411,-0.060,-1.595,-0.210,22.222,5.556,286.111,1138.889,30.556,N
412,-0.070,-1.705,-0.230,27.778,2.778,280.556,1161.111,22.222,N
413,-0.145,-1.745,-0.195,27.778,2.778,300.000,1141.667,19.444,N
414,-0.065,-1.720,-0.205,25.000,0.000,277.778,1155.556,13.889,N
415,-0.095,-1.745,-0.155,27.778,2.778,275.000,1169.444,13.889,N
416,-0.035,-1.635,-0.150,25.000,0.000,294.444,1175.000,5.556,N
417,-0.090,-1.635,-0.160,27.778,2.778,297.222,1200.000,25.000,N
418,0.005,-1.670,-0.145,27.778,2.778,277.778,1194.444,5.556,N
419,-0.035,-1.705,-0.170,25.000,0.000,277.778,1188.889,5.556,N
420,-0.020,-1.680,-0.150,30.556,2.778,294.444,1183.333,5.556,N
421,-0.005,-1.635,-0.185,25.000,0.000,275.000,1227.778,44.444,N
422,-0.020,-1.730,-0.185,27.778,0.000,275.000,1194.444,33.333,N
423,-0.045,-1.605,-0.195,22.222,2.778,288.889,1227.778,33.333,N
424,-0.115,-1.710,-0.190,27.778,2.778,291.667,1230.556,2.778,N
425,-0.035,-1.665,-0.185,22.222,2.778,286.111,1236.111,5.556,N
426,-0.135,-1.200,-0.200,41.667,19.444,280.556,1252.778,16.667,N
427,-0.035,-1.685,-0.175,22.222,2.778,286.111,1211.111,41.667,N
428,-0.125,-1.680,-0.205,27.778,2.778,269.444,1227.778,16.667,N
429,-0.010,-1.670,-0.165,25.000,0.000,277.778,1183.333,44.444,N
430,-0.025,-1.595,-0.165,25.000,0.000,275.000,1208.333,25.000,N
431,-0.015,-1.670,-0.165,27.778,0.000,277.778,1194.444,13.889,N
432,-0.025,-1.585,-0.195,25.000,0.000,269.444,1208.333,13.889,N
433,-0.115,-1.775,-0.225,27.778,2.778,288.889,1186.111,22.222,N
434,-0.055,-1.725,-0.220,25.000,0.000,286.111,1200.000,13.889,N
435,-0.145,-1.165,-0.205,41.667,19.444,280.556,1194.444,5.556,N
436,-0.030,-1.800,-0.200,25.000,2.778,280.556,1144.444,50.000,N
437,-0.055,-1.785,-0.220,27.778,2.778,277.778,1175.000,30.556,N
438,-0.230,-1.930,-0.295,30.556,2.778,283.333,1186.111,11.111,N
439,-0.130,-1.840,-0.290,22.222,0.000,288.889,1125.000,61.111,N
440,-0.240,-1.855,-0.290,25.000,0.000,297.222,1169.444,44.444,N
441,-0.220,-1.800,-0.345,27.778,5.556,302.778,1127.778,41.667,N
442,-0.215,-1.805,-0.305,25.000,0.000,288.889,1144.444,16.667,N
443,-0.220,-1.845,-0.310,27.778,2.778,277.778,1147.222,2.778,N
444,-0.150,-1.740,-0.290,22.222,0.000,280.556,1136.111,11.111,N
445,-0.255,-1.780,-0.285,25.000,2.778,288.889,1186.111,50.000,N
446,-0.130,-1.820,-0.255,27.778,0.000,283.333,1138.889,47.222,N
447,-0.135,-1.765,-0.275,25.000,0.000,275.000,1180.556,41.667,N
448,-0.265,-1.880,-0.275,30.556,5.556,291.667,1183.333,2.778,N
449,-0.050,-1.810,-0.200,22.222,2.778,286.111,1138.889,44.444,N
450,-0.175,-1.925,-0.215,30.556,2.778,288.889,1191.667,52.778,N
451,-0.055,-1.835,-0.175,27.778,0.000,291.667,1166.667,25.000,N
452,-0.185,-1.830,-0.300,27.778,2.778,269.444,1191.667,25.000,N
453,-0.185,-1.940,-0.325,27.778,2.778,277.778,1158.333,33.333,N
454,-0.190,-1.825,-0.315,27.778,2.778,275.000,1208.333,50.000,N
455,-0.350,-1.940,-0.435,27.778,2.778,263.889,1180.556,27.778,N
456,-0.330,-1.865,-0.435,22.222,2.778,288.889,1133.333,47.222,N
457,-0.395,-1.975,-0.505,25.000,0.000,280.556,1186.111,52.778,N
458,-0.365,-1.975,-0.470,25.000,0.000,291.667,1175.000,11.111,N
459,-0.330,-1.870,-0.400,22.222,2.778,288.889,1205.556,30.556,N
460,-0.275,-2.005,-0.390,27.778,2.778,280.556,1186.111,19.444,N
461,-0.230,-1.850,-0.350,27.778,0.000,286.111,1213.889,27.778,N
462,-0.285,-1.950,-0.365,27.778,2.778,283.333,1177.778,36.111,N
463,-0.170,-1.795,-0.285,25.000,0.000,277.778,1205.556,27.778,N
464,-0.270,-1.780,-0.330,30.556,5.556,280.556,1205.556,0.000,N
465,-0.165,-1.775,-0.315,22.222,2.778,286.111,1186.111,19.444,N
466,-0.225,-1.860,-0.310,25.000,0.000,286.111,1200.000,13.889,N
467,-0.160,-1.895,-0.250,27.778,2.778,288.889,1202.778,2.778,N
468,-0.035,-1.725,-0.175,22.222,2.778,286.111,1202.778,0.000,N
469,-0.120,-1.805,-0.145,27.778,2.778,283.333,1200.000,2.778,N
470,0.010,-1.570,-0.180,22.222,2.778,302.778,1172.222,27.778,N
471,-0.180,-1.755,-0.250,27.778,2.778,280.556,1200.000,27.778,N
472,-0.125,-1.685,-0.260,27.778,5.556,272.222,1177.778,22.222,N
473,-0.110,-1.680,-0.270,22.222,2.778,288.889,1172.222,5.556,N
474,-0.235,-1.920,-0.310,27.778,2.778,280.556,1183.333,11.111,N
475,-0.185,-1.755,-0.335,22.222,2.778,280.556,1163.889,19.444,N
476,-0.270,-1.885,-0.395,30.556,2.778,277.778,1150.000,13.889,N
477,-0.170,-1.680,-0.310,22.222,2.778,280.556,1163.889,13.889,N
478,-0.265,-1.820,-0.345,27.778,2.778,302.778,1163.889,0.000,N
479,-0.200,-1.810,-0.350,25.000,0.000,297.222,1141.667,22.222,N
480,-0.230,-1.780,-0.245,25.000,0.000,291.667,1147.222,5.556,N
481,-0.160,-1.765,-0.230,27.778,0.000,280.556,1166.667,19.444,N
482,-0.110,-1.655,-0.185,25.000,0.000,275.000,1152.778,13.889,N
483,-0.190,-1.695,-0.210,27.778,2.778,286.111,1177.778,25.000,N
484,-0.065,-1.595,-0.195,22.222,0.000,280.556,1155.556,22.222,N
485,-0.170,-1.665,-0.205,27.778,0.000,288.889,1219.444,63.889,N
486,-0.165,-1.775,-0.270,27.778,0.000,277.778,1172.222,47.222,N
487,-0.135,-1.615,-0.270,22.222,2.778,308.333,1202.778,30.556,N
488,-0.255,-1.900,-0.305,27.778,2.778,286.111,1225.000,22.222,N
489,-0.170,-1.790,-0.285,22.222,2.778,286.111,1200.000,25.000,N
490,-0.275,-1.855,-0.375,27.778,2.778,275.000,1213.889,13.889,N
491,-0.170,-1.845,-0.335,25.000,0.000,297.222,1169.444,44.444,N
492,-0.205,-1.830,-0.325,25.000,0.000,272.222,1202.778,33.333,N
493,-0.250,-1.890,-0.320,27.778,2.778,275.000,1197.222,5.556,N
494,-0.140,-1.750,-0.275,22.222,2.778,288.889,1205.556,8.333,N
495,-0.230,-1.880,-0.325,27.778,2.778,286.111,1238.889,33.333,N
496,-0.125,-1.775,-0.275,22.222,2.778,288.889,1175.000,63.889,N
497,-0.235,-1.855,-0.270,27.778,2.778,291.667,1227.778,52.778,N
498,-0.100,-1.755,-0.245,22.222,2.778,294.444,1200.000,27.778,N
499,-0.125,-1.770,-0.230,25.000,0.000,283.333,1244.444,44.444,N
500,-0.080,-1.875,-0.255,27.778,2.778,280.556,1208.333,36.111,N
501,0.000,-1.685,-0.155,22.222,0.000,277.778,1205.556,2.778,N
502,-0.110,-1.795,-0.190,27.778,2.778,277.778,1197.222,8.333,N
503,-0.005,-1.755,-0.210,25.000,2.778,280.556,1163.889,33.333,N
504,-0.135,-1.820,-0.260,25.000,0.000,288.889,1191.667,27.778,N
505,-0.145,-1.815,-0.270,30.556,2.778,297.222,1188.889,2.778,N
506,-0.080,-1.675,-0.225,25.000,2.778,286.111,1169.444,19.444,N
507,-0.215,-1.860,-0.255,27.778,0.000,286.111,1208.333,38.889,N
508,-0.015,-1.715,-0.245,25.000,0.000,277.778,1180.556,27.778,N
509,-0.150,-1.780,-0.250,27.778,2.778,280.556,1200.000,19.444,N
510,-0.115,-1.760,-0.250,27.778,5.556,294.444,1180.556,19.444,N
511,-0.020,-1.680,-0.170,22.222,0.000,300.000,1194.444,13.889,N
512,-0.140,-1.795,-0.210,27.778,2.778,283.333,1208.333,13.889,N
513,-0.010,-1.615,-0.130,22.222,0.000,272.222,1155.556,52.778,N
514,-0.090,-1.590,-0.155,30.556,2.778,277.778,1202.778,47.222,N
515,0.030,-1.665,-0.160,27.778,2.778,277.778,1163.889,38.889,N
516,-0.030,-1.675,-0.160,25.000,0.000,297.222,1172.222,8.333,N
517,-0.085,-1.855,-0.180,27.778,2.778,283.333,1183.333,11.111,N
518,0.020,-1.650,-0.160,22.222,2.778,300.000,1180.556,2.778,N
519,-0.140,-1.800,-0.235,27.778,2.778,283.333,1219.444,38.889,N
520,-0.050,-1.750,-0.255,22.222,2.778,283.333,1141.667,77.778,N
521,-0.200,-1.805,-0.300,25.000,0.000,288.889,1222.222,80.556,N
522,-0.240,-1.815,-0.320,27.778,2.778,263.889,1166.667,55.556,N
523,-0.085,-1.640,-0.240,22.222,2.778,291.667,1161.111,5.556,N
524,-0.205,-1.700,-0.270,27.778,2.778,294.444,1200.000,38.889,N
525,-0.045,-1.565,-0.220,22.222,2.778,302.778,1191.667,8.333,N
526,-0.115,-1.680,-0.260,27.778,2.778,272.222,1211.111,19.444,N
527,-0.115,-1.765,-0.180,27.778,2.778,291.667,1175.000,36.111,N
528,0.045,-1.555,-0.110,22.222,2.778,283.333,1205.556,30.556,N
529,-0.115,-1.690,-0.195,27.778,2.778,280.556,1233.333,27.778,N
530,-0.040,-1.650,-0.160,27.778,2.778,286.111,1161.111,72.222,N
531,-0.070,-1.695,-0.215,25.000,0.000,272.222,1186.111,25.000,N
532,-0.100,-1.850,-0.215,27.778,2.778,275.000,1197.222,11.111,N
533,-0.050,-1.750,-0.215,25.000,0.000,275.000,1169.444,27.778,N
534,-0.225,-1.880,-0.320,27.778,2.778,297.222,1200.000,30.556,N
535,-0.125,-1.870,-0.290,25.000,0.000,280.556,1191.667,8.333,N
536,-0.190,-1.850,-0.305,25.000,0.000,280.556,1200.000,8.333,N
537,-0.265,-1.865,-0.325,27.778,5.556,291.667,1219.444,19.444,N
538,-0.135,-1.835,-0.335,22.222,2.778,283.333,1152.778,66.667,N
539,-0.305,-2.005,-0.390,27.778,2.778,269.444,1169.444,16.667,N
540,-0.185,-1.915,-0.315,25.000,2.778,286.111,1086.111,83.333,N
541,-0.150,-1.940,-0.255,25.000,0.000,272.222,1119.444,33.333,N
542,-0.080,-1.915,-0.170,25.000,0.000,280.556,1086.111,33.333,N
543,-0.015,-1.805,-0.135,27.778,0.000,291.667,1091.667,5.556,N
544,-0.045,-1.850,-0.130,27.778,2.778,277.778,1119.444,27.778,N
545,0.000,-1.815,-0.175,25.000,0.000,286.111,1102.778,16.667,N
546,-0.130,-1.925,-0.165,27.778,2.778,280.556,1152.778,50.000,N
547,0.050,-1.790,-0.110,25.000,2.778,283.333,1102.778,50.000,N
548,-0.035,-1.735,-0.165,25.000,0.000,291.667,1186.111,83.333,N
549,-0.105,-1.915,-0.255,27.778,2.778,288.889,1172.222,13.889,N
550,-0.155,-1.735,-0.240,22.222,2.778,286.111,1172.222,0.000,N
551,-0.215,-1.940,-0.320,27.778,0.000,272.222,1188.889,16.667,N
552,-0.180,-1.775,-0.355,22.222,2.778,294.444,1169.444,19.444,N
553,-0.295,-1.910,-0.405,27.778,2.778,272.222,1202.778,33.333,N
554,-0.265,-1.935,-0.470,22.222,0.000,275.000,1155.556,47.222,N
555,-0.360,-1.980,-0.490,27.778,2.778,266.667,1211.111,55.556,N
556,-0.300,-1.975,-0.430,27.778,2.778,277.778,1177.778,33.333,N
557,-0.205,-1.855,-0.385,25.000,0.000,275.000,1180.556,2.778,N
558,-0.280,-1.955,-0.385,27.778,2.778,294.444,1180.556,0.000,N
559,-0.190,-1.795,-0.400,22.222,2.778,280.556,1183.333,2.778,N
560,-0.285,-1.890,-0.370,27.778,2.778,266.667,1180.556,2.778,N
561,-0.150,-1.640,-0.310,22.222,5.556,294.444,1141.667,38.889,N
562,-0.220,-1.770,-0.330,27.778,2.778,300.000,1191.667,50.000,N
563,-0.105,-1.715,-0.260,25.000,0.000,266.667,1136.111,55.556,N
564,-0.185,-1.790,-0.290,22.222,0.000,283.333,1177.778,41.667,N
565,-0.145,-1.830,-0.325,25.000,2.778,291.667,1155.556,22.222,N
566,-0.110,-1.725,-0.295,25.000,2.778,275.000,1222.222,66.667,N
567,-0.195,-1.900,-0.290,27.778,2.778,291.667,1186.111,36.111,N
568,-0.155,-1.770,-0.325,22.222,2.778,288.889,1202.778,16.667,N
569,-0.310,-1.840,-0.370,27.778,2.778,297.222,1225.000,22.222,N
570,-0.220,-1.845,-0.395,25.000,2.778,300.000,1161.111,63.889,N
571,-0.260,-1.805,-0.385,22.222,2.778,297.222,1202.778,41.667,N
572,-0.235,-1.895,-0.345,27.778,2.778,297.222,1205.556,2.778,N
573,-0.140,-1.845,-0.295,25.000,2.778,277.778,1183.333,22.222,N
574,-0.250,-1.865,-0.290,30.556,5.556,286.111,1194.444,11.111,N
575,-0.120,-1.890,-0.280,25.000,0.000,283.333,1175.000,19.444,N
576,-0.255,-1.815,-0.315,27.778,5.556,272.222,1216.667,41.667,N
577,-0.185,-1.795,-0.330,27.778,2.778,272.222,1163.889,52.778,N
578,-0.195,-1.745,-0.315,25.000,0.000,275.000,1197.222,33.333,N
579,-0.085,-1.735,-0.150,27.778,2.778,283.333,1191.667,5.556,N
580,0.070,-1.405,-0.090,22.222,2.778,294.444,1180.556,11.111,N
581,-0.130,-1.680,-0.230,27.778,2.778,302.778,1188.889,8.333,N
582,-0.080,-1.665,-0.230,22.222,2.778,291.667,1180.556,8.333,N
583,-0.160,-1.640,-0.265,27.778,2.778,277.778,1200.000,19.444,N
584,-0.220,-1.795,-0.355,25.000,0.000,286.111,1172.222,27.778,N
585,-0.215,-1.710,-0.370,22.222,2.778,277.778,1175.000,2.778,N
586,-0.300,-1.975,-0.445,27.778,0.000,275.000,1208.333,33.333,N
587,-0.275,-1.850,-0.415,25.000,2.778,272.222,1175.000,33.333,N
588,-0.345,-1.985,-0.405,25.000,0.000,280.556,1222.222,47.222,N
589,-0.205,-1.845,-0.365,22.222,2.778,300.000,1175.000,47.222,N
590,-0.260,-1.805,-0.340,27.778,2.778,291.667,1222.222,47.222,N
591,-0.170,-1.795,-0.315,27.778,2.778,286.111,1158.333,63.889,N
592,-0.100,-1.715,-0.275,22.222,2.778,277.778,1180.556,22.222,N
593,-0.175,-1.900,-0.280,27.778,2.778,280.556,1166.667,13.889,N
594,-0.105,-1.805,-0.285,22.222,2.778,275.000,1150.000,16.667,N
595,-0.225,-1.800,-0.315,27.778,2.778,272.222,1197.222,47.222,N
596,-0.135,-1.865,-0.250,25.000,0.000,286.111,1144.444,52.778,N
597,-0.125,-1.755,-0.240,25.000,2.778,294.444,1161.111,16.667,N
598,-0.200,-1.910,-0.260,25.000,2.778,283.333,1147.222,13.889,N
599,-0.090,-1.760,-0.230,25.000,2.778,294.444,1116.667,30.556,N
600,-0.120,-1.870,-0.210,22.222,0.000,277.778,1122.222,5.556,N
601,-0.135,-1.935,-0.215,25.000,2.778,272.222,1072.222,50.000,N
602,-0.040,-1.745,-0.225,22.222,2.778,280.556,1052.778,19.444,N
603,0.080,-1.005,0.110,19.444,8.333,294.444,1025.000,27.778,N
604,0.530,-0.790,0.495,22.222,2.778,294.444,991.667,33.333,N
605,0.125,-0.065,0.665,152.778,61.111,338.889,986.111,5.556,N
606,-0.915,-1.655,-0.925,141.667,55.556,-721297.222,950.000,36.111,N
607,-0.925,-2.750,-0.925,722283.333,8.333,-722283.333,944.444,5.556,N
608,-0.705,-2.205,-0.720,22.222,5.556,261.111,936.111,8.333,N
609,-0.925,-0.840,-0.785,724130.556,80.556,330.556,911.111,25.000,N
610,-0.925,-2.475,-0.925,725061.111,5.556,-725061.111,930.556,19.444,N
611,-0.690,-2.390,-0.565,25.000,0.000,263.889,855.556,75.000,N
612,-0.410,-1.525,-0.860,16.667,8.333,272.222,586.111,269.444,A
613,-0.925,-1.195,-0.625,727488.889,69.444,355.556,986.111,400.000,N
614,-0.770,-0.370,-0.185,158.333,52.778,316.667,944.444,41.667,N
615,-0.350,-0.085,0.100,166.667,61.111,350.000,941.667,2.778,N
616,-0.150,-0.025,0.295,152.778,58.333,341.667,958.333,16.667,N
617,0.600,-0.795,0.395,19.444,2.778,277.778,966.667,8.333,N
618,0.640,-0.385,0.220,13.889,8.333,286.111,958.333,8.333,N
619,-0.270,-0.460,0.000,172.222,61.111,347.222,991.667,33.333,N
620,0.220,-0.890,-0.080,16.667,8.333,286.111,1008.333,16.667,N
621,0.060,-1.445,-0.215,25.000,0.000,277.778,1013.889,5.556,N
622,-0.690,-0.675,-0.375,163.889,66.667,347.222,1044.444,30.556,N
623,-0.800,-0.575,-0.430,166.667,69.444,347.222,1075.000,30.556,N
624,-0.825,-0.695,-0.455,172.222,55.556,352.778,1111.111,36.111,N
625,-0.775,-0.885,-0.480,163.889,52.778,336.111,1141.667,30.556,N
626,-0.830,-0.850,-0.520,172.222,69.444,352.778,1152.778,11.111,N
627,-0.850,-0.890,-0.555,161.111,52.778,325.000,1205.556,52.778,N
628,-0.865,-0.545,-0.530,161.111,63.889,341.667,1186.111,19.444,N
629,-0.825,-0.370,-0.535,152.778,75.000,341.667,1211.111,25.000,N
630,-0.790,-0.850,-0.495,169.444,66.667,347.222,1188.889,22.222,N
631,-0.795,-0.605,-0.475,166.667,69.444,344.444,1205.556,16.667,N
632,-0.760,-0.920,-0.495,166.667,55.556,311.111,1158.333,47.222,N
633,-0.850,-0.650,-0.515,163.889,61.111,355.556,1191.667,33.333,N
634,-0.410,-1.615,-0.630,22.222,5.556,275.000,1200.000,8.333,N
635,-0.905,-0.840,-0.340,175.000,63.889,350.000,1152.778,47.222,N
636,0.125,-0.985,0.020,16.667,5.556,283.333,1144.444,8.333,N
637,0.345,-0.730,-0.010,16.667,8.333,291.667,1094.444,50.000,N
638,-0.425,-0.440,0.100,166.667,63.889,322.222,1122.222,27.778,N
639,0.420,-1.095,0.345,25.000,0.000,272.222,1025.000,97.222,N
640,-0.255,-0.010,0.155,169.444,69.444,355.556,1041.667,16.667,N
641,0.150,-1.190,0.060,25.000,2.778,277.778,1055.556,13.889,N
642,-0.005,-0.930,-0.360,13.889,8.333,272.222,1008.333,47.222,N
643,-0.990,-1.000,-0.540,161.111,61.111,327.778,1063.889,55.556,N
644,-0.530,-2.030,-0.670,25.000,0.000,275.000,1058.333,5.556,N
645,-0.925,-1.070,-0.755,762202.778,69.444,350.000,1091.667,33.333,N
646,-0.595,-1.985,-0.575,22.222,2.778,277.778,1147.222,55.556,N
647,-0.925,-1.055,-0.635,764491.667,69.444,355.556,1141.667,5.556,N
648,-0.390,-1.670,-0.405,22.222,5.556,277.778,1222.222,80.556,N
649,-0.975,-0.875,-0.460,161.111,58.333,319.444,1180.556,41.667,N
650,-0.195,-1.125,-0.350,13.889,8.333,280.556,1230.556,50.000,N
651,-0.790,-0.885,-0.370,169.444,55.556,322.222,1200.000,30.556,N
652,-0.055,-1.020,-0.290,16.667,8.333,288.889,1252.778,52.778,N
653,-0.720,-0.830,-0.315,166.667,69.444,358.333,1186.111,66.667,N
654,-0.735,-0.775,-0.305,183.333,55.556,327.778,1258.333,72.222,N
655,-0.035,-0.930,-0.370,16.667,11.111,277.778,1197.222,61.111,N
656,-0.715,-0.650,-0.320,172.222,66.667,350.000,1247.222,50.000,N
657,-0.720,-0.775,-0.395,169.444,61.111,344.444,1200.000,47.222,N
658,-0.780,-0.755,-0.410,175.000,66.667,347.222,1241.667,41.667,N
659,-0.135,-1.145,-0.375,16.667,8.333,286.111,1208.333,33.333,N
660,-0.745,-0.410,-0.375,163.889,55.556,352.778,1208.333,0.000,N
661,-0.070,-0.980,-0.340,16.667,8.333,286.111,1227.778,19.444,N
662,-0.695,-0.465,-0.355,163.889,69.444,358.333,1216.667,11.111,N
663,-0.095,-0.950,-0.325,16.667,8.333,300.000,1230.556,13.889,N
664,-0.695,-0.720,-0.375,177.778,69.444,350.000,1213.889,16.667,N
665,-0.710,-0.750,-0.330,175.000,69.444,344.444,1236.111,22.222,N
666,-0.680,-0.765,-0.315,172.222,69.444,350.000,1200.000,36.111,N
667,-0.655,-0.345,-0.305,169.444,66.667,347.222,1225.000,25.000,N
668,-0.045,-1.015,-0.275,16.667,8.333,280.556,1211.111,13.889,N
669,-0.610,-0.390,-0.270,172.222,72.222,347.222,1202.778,8.333,N
670,-0.030,-0.975,-0.185,16.667,8.333,286.111,1197.222,5.556,N
671,-0.515,-0.540,-0.210,163.889,58.333,350.000,1186.111,11.111,N
672,0.015,-0.830,-0.200,16.667,8.333,272.222,1200.000,13.889,N
673,-0.005,-0.790,-0.240,13.889,8.333,297.222,1136.111,63.889,N
674,-0.560,-0.260,-0.190,166.667,63.889,347.222,1166.667,30.556,N
675,-0.050,-1.255,-0.170,22.222,2.778,263.889,1138.889,27.778,N
676,-0.560,-0.220,-0.180,161.111,63.889,344.444,1133.333,5.556,N
677,-0.105,-1.265,-0.125,19.444,5.556,286.111,1141.667,8.333,N
678,-0.655,-0.565,-0.200,172.222,66.667,350.000,1133.333,8.333,N
679,-0.045,-1.110,-0.155,19.444,8.333,277.778,1177.778,44.444,N
680,-0.645,-0.770,-0.155,172.222,61.111,336.111,1130.556,47.222,N
681,0.005,-1.100,-0.115,16.667,5.556,291.667,1194.444,63.889,N
682,-0.600,-0.525,-0.140,163.889,58.333,341.667,1158.333,36.111,N
683,-0.625,-0.610,-0.120,169.444,66.667,341.667,1211.111,52.778,N
684,0.060,-1.005,-0.145,16.667,8.333,288.889,1166.667,44.444,N
685,-0.620,-0.640,-0.205,169.444,66.667,350.000,1191.667,25.000,N
686,-0.065,-1.475,-0.185,22.222,2.778,280.556,1180.556,11.111,N
687,-0.710,-0.705,-0.265,175.000,69.444,352.778,1194.444,13.889,N
688,-0.135,-1.275,-0.255,22.222,5.556,291.667,1222.222,27.778,N
689,-0.730,-0.655,-0.290,166.667,69.444,344.444,1183.333,38.889,N
690,-0.050,-0.955,-0.185,16.667,8.333,294.444,1222.222,38.889,N
691,-0.665,-0.740,-0.220,166.667,66.667,352.778,1163.889,58.333,N
692,-0.680,-0.360,-0.255,158.333,50.000,319.444,1222.222,58.333,N
693,0.005,-1.140,-0.230,16.667,5.556,269.444,1177.778,44.444,N
694,-0.680,-0.410,-0.275,161.111,55.556,344.444,1225.000,47.222,N
695,-0.070,-1.365,-0.250,22.222,2.778,269.444,1205.556,19.444,N
696,-0.710,-0.390,-0.320,169.444,55.556,330.556,1222.222,16.667,N
697,-0.135,-0.985,-0.345,13.889,8.333,288.889,1197.222,25.000,N
698,-0.110,-1.015,-0.385,16.667,8.333,302.778,1180.556,16.667,N
699,-0.800,-0.465,-0.405,158.333,55.556,316.667,1191.667,11.111,N
700,-0.230,-1.360,-0.355,19.444,5.556,288.889,1161.111,30.556,N
701,-0.795,-0.580,-0.370,158.333,52.778,322.222,1172.222,11.111,N
702,-0.770,-0.945,-0.275,169.444,66.667,341.667,1197.222,25.000,N
703,-0.720,-0.790,-0.240,163.889,63.889,344.444,1161.111,36.111,N
704,-0.670,-0.530,-0.215,161.111,55.556,347.222,1183.333,22.222,N
705,-0.015,-1.180,-0.200,19.444,5.556,297.222,1172.222,11.111,N
706,-0.665,-0.480,-0.220,161.111,50.000,322.222,1191.667,19.444,N
707,-0.050,-0.935,-0.155,16.667,8.333,294.444,1180.556,11.111,N
708,-0.635,-0.345,-0.215,172.222,72.222,350.000,1175.000,5.556,N
709,-0.010,-0.820,-0.160,16.667,8.333,288.889,1177.778,2.778,N
710,-0.570,-0.540,-0.170,166.667,66.667,352.778,1150.000,27.778,N
711,-0.585,-0.350,-0.200,155.556,52.778,325.000,1152.778,2.778,N
712,0.035,-1.085,-0.170,19.444,5.556,283.333,1166.667,13.889,N
713,-0.570,-0.280,-0.165,163.889,63.889,350.000,1147.222,19.444,N
714,0.000,-1.140,-0.090,22.222,2.778,297.222,1169.444,22.222,N
715,-0.565,-0.445,-0.160,175.000,69.444,341.667,1147.222,22.222,N
716,-0.580,-0.660,-0.170,172.222,63.889,347.222,1161.111,13.889,N
717,0.050,-0.800,-0.175,16.667,11.111,277.778,1147.222,13.889,N
718,-0.650,-0.280,-0.215,158.333,61.111,347.222,1172.222,25.000,N
719,-0.095,-1.325,-0.225,22.222,5.556,269.444,1172.222,0.000,N
720,-0.655,-0.445,-0.270,163.889,58.333,325.000,1158.333,13.889,N
721,-0.155,-1.010,-0.280,16.667,8.333,288.889,1180.556,22.222,N
722,-0.750,-0.720,-0.350,166.667,52.778,333.333,1150.000,30.556,N
723,-0.760,-0.720,-0.335,172.222,69.444,347.222,1163.889,13.889,N
724,-0.710,-0.890,-0.340,169.444,63.889,344.444,1119.444,44.444,N
725,-0.765,-0.715,-0.320,161.111,63.889,358.333,1155.556,36.111,N
726,-0.115,-0.945,-0.360,13.889,11.111,291.667,1150.000,5.556,N
727,-0.785,-0.510,-0.400,163.889,63.889,344.444,1197.222,47.222,N
728,-0.260,-1.305,-0.360,19.444,5.556,275.000,1200.000,2.778,N
729,-0.760,-0.395,-0.360,158.333,63.889,333.333,1188.889,11.111,N
730,-0.210,-1.175,-0.265,16.667,8.333,286.111,1222.222,33.333,N
731,-0.755,-0.625,-0.355,166.667,72.222,347.222,1161.111,61.111,N
732,-0.820,-0.770,-0.415,175.000,66.667,344.444,1205.556,44.444,N
733,-0.225,-1.355,-0.425,19.444,5.556,283.333,1177.778,27.778,N
734,-0.885,-0.610,-0.410,175.000,72.222,369.444,1197.222,19.444,N
735,-0.290,-1.485,-0.345,22.222,5.556,288.889,1216.667,19.444,N
736,-0.860,-0.510,-0.365,155.556,72.222,350.000,1175.000,41.667,N
737,-0.815,-0.645,-0.375,161.111,50.000,322.222,1213.889,38.889,N
738,-0.180,-1.405,-0.325,19.444,5.556,286.111,1161.111,52.778,N
739,-0.810,-0.465,-0.415,166.667,55.556,344.444,1211.111,50.000,N
740,-0.335,-1.485,-0.350,19.444,5.556,286.111,1183.333,27.778,N
741,-0.830,-0.815,-0.360,172.222,58.333,352.778,1183.333,0.000,N
742,-0.215,-1.040,-0.395,13.889,11.111,302.778,1197.222,13.889,N
743,-0.160,-1.225,-0.455,16.667,8.333,286.111,1155.556,41.667,N
744,-0.925,-0.490,-0.445,161.111,72.222,347.222,1200.000,44.444,N
745,-0.240,-1.500,-0.315,22.222,2.778,294.444,1194.444,5.556,N
746,-0.765,-0.195,-0.335,163.889,69.444,347.222,1200.000,5.556,N
747,-0.220,-1.135,-0.280,16.667,8.333,294.444,1202.778,2.778,N
748,-0.755,-0.470,-0.355,166.667,63.889,347.222,1163.889,38.889,N
749,-0.810,-0.710,-0.320,158.333,52.778,316.667,1186.111,22.222,N
750,-0.750,-0.850,-0.285,177.778,69.444,336.111,1133.333,52.778,N
751,-0.775,-0.390,-0.355,144.444,69.444,350.000,1155.556,22.222,N
752,-0.245,-1.330,-0.325,19.444,5.556,286.111,1136.111,19.444,N
753,-0.770,-0.535,-0.355,163.889,58.333,341.667,1155.556,19.444,N
754,-0.255,-1.535,-0.355,25.000,0.000,291.667,1141.667,13.889,N
755,-0.830,-0.210,-0.380,152.778,75.000,350.000,1172.222,30.556,N
756,-0.745,-0.785,-0.280,161.111,61.111,319.444,1186.111,13.889,N
757,-0.670,-0.825,-0.255,161.111,52.778,325.000,1155.556,30.556,N
758,-0.675,-0.205,-0.285,161.111,61.111,344.444,1180.556,25.000,N
759,-0.130,-1.285,-0.240,19.444,5.556,291.667,1213.889,33.333,N
760,-0.700,-0.410,-0.275,158.333,52.778,344.444,1175.000,38.889,N
761,-0.675,-0.750,-0.250,166.667,52.778,341.667,1205.556,30.556,N
762,-0.065,-0.915,-0.275,16.667,8.333,288.889,1150.000,55.556,N
763,-0.745,-0.175,-0.360,158.333,72.222,350.000,1161.111,11.111,N
764,-0.290,-1.540,-0.365,22.222,2.778,280.556,1180.556,19.444,N
765,-0.795,-0.360,-0.370,161.111,75.000,350.000,1161.111,19.444,N
766,-0.230,-1.240,-0.325,19.444,8.333,277.778,1211.111,50.000,N
767,-0.725,-0.655,-0.340,169.444,61.111,350.000,1144.444,66.667,N
768,-0.740,-0.425,-0.350,172.222,72.222,350.000,1177.778,33.333,N
769,-0.285,-1.265,-0.355,19.444,5.556,294.444,1161.111,16.667,N
770,-0.745,-0.515,-0.370,166.667,72.222,352.778,1175.000,13.889,N
771,-0.240,-1.075,-0.400,16.667,8.333,291.667,1194.444,19.444,N
772,-0.845,-0.490,-0.465,155.556,72.222,350.000,1177.778,16.667,N
773,-0.310,-1.590,-0.415,25.000,0.000,277.778,1180.556,2.778,N
774,-0.865,-0.685,-0.455,169.444,69.444,344.444,1183.333,2.778,N
775,-0.255,-1.130,-0.345,16.667,8.333,291.667,1225.000,41.667,N
776,-0.770,-0.845,-0.365,172.222,69.444,347.222,1144.444,80.556,N
777,-0.810,-0.700,-0.400,166.667,61.111,344.444,1188.889,44.444,N
778,-0.260,-1.420,-0.385,22.222,2.778,280.556,1158.333,30.556,N
779,-0.810,-0.505,-0.390,163.889,58.333,347.222,1172.222,13.889,N
780,-0.280,-1.475,-0.315,22.222,2.778,286.111,1177.778,5.556,N
781,-0.745,-0.765,-0.325,177.778,69.444,350.000,1141.667,36.111,N
782,-0.740,-0.695,-0.310,166.667,69.444,352.778,1186.111,44.444,N
783,-0.190,-1.335,-0.400,19.444,5.556,291.667,1144.444,41.667,N
784,-0.890,-0.535,-0.470,158.333,75.000,344.444,1169.444,25.000,N
785,-0.355,-1.665,-0.420,25.000,0.000,291.667,1158.333,11.111,N
786,-0.860,-0.560,-0.470,166.667,69.444,355.556,1166.667,8.333,N
787,-0.315,-1.195,-0.425,16.667,8.333,277.778,1183.333,16.667,N
788,-0.165,-1.160,-0.420,16.667,8.333,286.111,1158.333,25.000,N
789,-0.870,-0.570,-0.445,169.444,66.667,350.000,1191.667,33.333,N
790,-0.275,-1.585,-0.330,22.222,2.778,275.000,1163.889,27.778,N
791,-0.760,-0.390,-0.330,158.333,52.778,341.667,1158.333,5.556,N
792,-0.825,-1.020,-0.365,169.444,58.333,344.444,1177.778,19.444,N
793,-0.115,-1.100,-0.365,16.667,8.333,297.222,1136.111,41.667,N
794,-0.790,-0.400,-0.300,161.111,63.889,347.222,1166.667,30.556,N
795,-0.075,-1.335,-0.180,22.222,5.556,280.556,1161.111,5.556,N
796,-0.590,-0.325,-0.165,169.444,72.222,358.333,1180.556,19.444,N
797,-0.090,-1.165,-0.160,19.444,5.556,283.333,1175.000,5.556,N
798,-0.640,-0.485,-0.265,163.889,61.111,344.444,1177.778,2.778,N
799,-0.690,-0.835,-0.265,172.222,66.667,344.444,1216.667,38.889,N
800,-0.655,-0.585,-0.315,161.111,63.889,350.000,1188.889,27.778,N
801,-0.745,-0.430,-0.340,166.667,69.444,350.000,1211.111,22.222,N
802,-0.155,-1.075,-0.315,16.667,8.333,288.889,1202.778,8.333,N
803,-0.730,-0.205,-0.345,155.556,72.222,350.000,1194.444,8.333,N
804,-0.220,-1.325,-0.310,19.444,5.556,277.778,1222.222,27.778,N
805,-0.750,-0.520,-0.360,161.111,52.778,316.667,1194.444,27.778,N
806,-0.795,-0.730,-0.320,169.444,69.444,366.667,1230.556,36.111,N
807,-0.700,-0.865,-0.295,163.889,55.556,325.000,1175.000,55.556,N
808,-0.690,-0.550,-0.305,161.111,58.333,350.000,1200.000,25.000,N
809,-0.180,-1.405,-0.295,19.444,2.778,288.889,1186.111,13.889,N
810,-0.715,-0.130,-0.340,158.333,58.333,319.444,1180.556,5.556,N
811,-0.250,-1.425,-0.295,22.222,2.778,280.556,1191.667,11.111,N
812,-0.670,-0.645,-0.315,163.889,58.333,344.444,1150.000,41.667,N
813,-0.750,-0.620,-0.350,166.667,66.667,352.778,1175.000,25.000,N
814,-0.245,-1.430,-0.375,19.444,5.556,283.333,1144.444,30.556,N
815,-0.815,-0.460,-0.405,172.222,72.222,350.000,1166.667,22.222,N
816,-0.230,-1.225,-0.320,19.444,8.333,286.111,1205.556,38.889,N
817,-0.750,-0.755,-0.295,166.667,55.556,344.444,1144.444,61.111,N
818,-0.670,-0.530,-0.255,169.444,63.889,341.667,1208.333,63.889,N
819,-0.130,-1.270,-0.255,19.444,5.556,300.000,1158.333,50.000,N
820,-0.745,-0.495,-0.340,163.889,63.889,333.333,1194.444,36.111,N
821,-0.250,-1.435,-0.290,22.222,2.778,275.000,1172.222,22.222,N
822,-0.785,-0.415,-0.385,155.556,58.333,350.000,1158.333,13.889,N
823,-0.270,-1.190,-0.350,16.667,8.333,275.000,1175.000,16.667,N
824,-0.765,-0.655,-0.410,169.444,63.889,347.222,1141.667,33.333,N
825,-0.810,-0.805,-0.425,163.889,63.889,355.556,1197.222,55.556,N
826,-0.180,-1.185,-0.360,16.667,5.556,286.111,1152.778,44.444,N
827,-0.765,-0.365,-0.385,163.889,66.667,350.000,1188.889,36.111,N
828,-0.260,-1.345,-0.290,19.444,5.556,275.000,1183.333,5.556,N
829,-0.735,-0.565,-0.340,158.333,58.333,327.778,1169.444,13.889,N
830,-0.120,-1.010,-0.295,16.667,8.333,280.556,1194.444,25.000,N
831,-0.680,-0.815,-0.270,163.889,55.556,319.444,1141.667,52.778,N
832,-0.615,-0.120,-0.220,166.667,75.000,347.222,1183.333,41.667,N
833,-0.100,-1.255,-0.215,22.222,5.556,291.667,1163.889,19.444,N
834,-0.670,-0.450,-0.285,172.222,69.444,347.222,1172.222,8.333,N
835,-0.200,-1.350,-0.290,22.222,2.778,286.111,1180.556,8.333,N
836,-0.720,-0.360,-0.355,166.667,58.333,347.222,1172.222,8.333,N
837,-0.765,-0.860,-0.390,158.333,66.667,333.333,1186.111,13.889,N
838,-0.170,-1.085,-0.340,19.444,8.333,294.444,1155.556,30.556,N
839,-0.725,-0.530,-0.405,155.556,55.556,330.556,1186.111,30.556,N
840,-0.265,-1.435,-0.325,22.222,2.778,294.444,1180.556,5.556,N
841,-0.750,-0.380,-0.385,158.333,72.222,347.222,1147.222,33.333,N
842,-0.725,-0.895,-0.320,175.000,66.667,344.444,1197.222,50.000,N
843,-0.685,-0.630,-0.330,163.889,63.889,350.000,1155.556,41.667,N
844,-0.740,-0.465,-0.375,158.333,72.222,372.222,1180.556,25.000,N
845,-0.225,-1.290,-0.325,19.444,5.556,286.111,1200.000,19.444,N
846,-0.690,-0.125,-0.330,163.889,66.667,350.000,1186.111,13.889,N
847,-0.205,-1.315,-0.260,19.444,5.556,266.667,1205.556,19.444,N
848,-0.680,-0.360,-0.300,163.889,69.444,355.556,1158.333,47.222,N
849,-0.655,-0.730,-0.240,161.111,50.000,316.667,1227.778,69.444,N
850,-0.645,-0.815,-0.295,169.444,66.667,355.556,1147.222,80.556,N
851,-0.750,-0.400,-0.380,169.444,66.667,352.778,1166.667,19.444,N
852,-0.285,-1.555,-0.395,25.000,2.778,277.778,1150.000,16.667,N
853,-0.790,-0.475,-0.405,161.111,52.778,352.778,1166.667,16.667,N
854,-0.315,-1.430,-0.410,19.444,5.556,288.889,1191.667,25.000,N
855,-0.860,-0.705,-0.500,169.444,66.667,344.444,1163.889,27.778,N
856,-0.890,-0.440,-0.540,158.333,72.222,341.667,1188.889,25.000,N
857,-0.560,-1.905,-0.600,25.000,0.000,277.778,1091.667,97.222,N
858,-0.925,-1.010,-0.610,1013472.222,58.333,344.444,1044.444,47.222,N
859,-0.975,-0.685,-0.515,163.889,61.111,347.222,1036.111,8.333,N
860,-0.215,-1.485,-0.265,22.222,2.778,297.222,1036.111,0.000,N
861,-0.050,-1.190,-0.290,16.667,8.333,277.778,1022.222,13.889,N
862,-0.885,-1.005,-0.400,163.889,69.444,344.444,1019.444,2.778,N
863,-0.320,-1.660,-0.335,22.222,2.778,283.333,1038.889,19.444,N
864,-0.085,-1.105,-0.415,16.667,8.333,294.444,1052.778,13.889,N
865,-0.160,-1.280,-0.380,16.667,8.333,291.667,1080.556,27.778,N
866,-0.920,-1.115,-0.480,166.667,63.889,344.444,1127.778,47.222,N
867,-0.985,-0.840,-0.490,169.444,69.444,347.222,1202.778,75.000,N
868,-0.325,-1.595,-0.485,19.444,5.556,280.556,1236.111,33.333,N
869,-0.930,-0.925,-0.495,175.000,50.000,325.000,1244.444,8.333,N
870,-0.385,-1.650,-0.455,22.222,2.778,291.667,1286.111,41.667,N
871,-0.165,-1.155,-0.505,13.889,8.333,283.333,1211.111,75.000,N
872,-0.340,-1.320,-0.460,16.667,8.333,297.222,1216.667,5.556,N
873,-0.970,-0.840,-0.515,169.444,69.444,344.444,1219.444,2.778,N
874,-0.325,-1.255,-0.545,16.667,8.333,294.444,1286.111,66.667,N
875,-0.270,-1.240,-0.595,16.667,8.333,286.111,1213.889,72.222,N
876,-0.385,-1.280,-0.575,16.667,8.333,311.111,1238.889,25.000,N
877,-0.200,-1.210,-0.485,16.667,8.333,294.444,1219.444,19.444,N
878,-0.945,-0.850,-0.495,169.444,66.667,350.000,1233.333,13.889,N
879,-0.340,-1.675,-0.505,22.222,2.778,277.778,1219.444,13.889,N
880,-0.935,-0.920,-0.495,163.889,55.556,325.000,1230.556,11.111,N
881,-0.270,-1.630,-0.345,25.000,2.778,272.222,1244.444,13.889,N
882,-0.805,-0.720,-0.370,163.889,69.444,352.778,1175.000,69.444,N
883,-0.210,-1.405,-0.305,22.222,5.556,300.000,1222.222,47.222,N
884,-0.005,-0.985,-0.345,16.667,8.333,286.111,1152.778,69.444,N
885,-0.850,-0.540,-0.440,169.444,50.000,344.444,1169.444,16.667,N
886,-0.430,-1.765,-0.475,27.778,2.778,283.333,1163.889,5.556,N
887,-0.905,-0.740,-0.440,163.889,55.556,347.222,1136.111,27.778,N
888,-0.295,-1.440,-0.450,16.667,5.556,286.111,1161.111,25.000,N
889,-0.250,-1.705,-0.495,22.222,5.556,277.778,1111.111,50.000,N
890,-0.925,-1.010,-0.535,1050886.111,55.556,319.444,1205.556,94.444,N
891,-0.425,-1.865,-0.355,30.556,2.778,277.778,1188.889,16.667,N
892,-0.910,-0.785,-0.375,169.444,63.889,355.556,1180.556,8.333,N
893,-0.270,-1.535,-0.270,22.222,5.556,300.000,1241.667,61.111,N
894,-0.095,-1.270,-0.335,16.667,8.333,272.222,1163.889,77.778,N
895,-0.940,-0.955,-0.380,175.000,69.444,347.222,1216.667,52.778,N
896,-0.315,-1.880,-0.255,27.778,2.778,283.333,1202.778,13.889,N
897,-0.825,-0.700,-0.355,177.778,69.444,344.444,1230.556,27.778,N
898,-0.925,-1.090,-0.440,155.556,66.667,341.667,1238.889,8.333,N
899,-0.185,-1.325,-0.420,16.667,8.333,283.333,1200.000,38.889,N
900,-0.955,-0.925,-0.470,166.667,52.778,347.222,1241.667,41.667,N
901,-0.335,-1.745,-0.320,25.000,0.000,283.333,1255.556,13.889,N
902,-0.855,-0.725,-0.420,163.889,58.333,344.444,1213.889,41.667,N
903,-0.240,-1.180,-0.425,16.667,8.333,297.222,1275.000,61.111,N
904,-0.160,-1.175,-0.465,16.667,8.333,286.111,1183.333,91.667,N
905,-0.340,-1.375,-0.530,19.444,8.333,297.222,1216.667,33.333,N
906,-0.950,-0.880,-0.550,163.889,52.778,344.444,1194.444,22.222,N
907,-0.985,-1.030,-0.530,175.000,69.444,347.222,1255.556,61.111,N
908,-0.915,-0.780,-0.520,163.889,63.889,350.000,1216.667,38.889,N
909,-0.940,-0.945,-0.510,166.667,58.333,358.333,1255.556,38.889,N
910,-0.245,-1.320,-0.560,16.667,8.333,288.889,1236.111,19.444,N
911,-0.300,-1.425,-0.515,16.667,5.556,288.889,1225.000,11.111,N
912,-0.925,-0.940,-0.540,166.667,66.667,350.000,1227.778,2.778,N
913,-0.925,-1.050,-0.535,161.111,55.556,344.444,1219.444,8.333,N
914,-0.890,-1.080,-0.525,161.111,52.778,350.000,1200.000,19.444,N
915,-0.875,-0.885,-0.490,163.889,55.556,341.667,1205.556,5.556,N
916,-0.200,-1.260,-0.520,16.667,8.333,283.333,1194.444,11.111,N
917,-0.890,-0.940,-0.495,166.667,58.333,350.000,1208.333,13.889,N
918,-0.790,-0.935,-0.415,169.444,66.667,352.778,1175.000,33.333,N
919,-0.825,-0.865,-0.445,169.444,69.444,352.778,1205.556,30.556,N
920,-0.280,-1.585,-0.450,22.222,2.778,294.444,1188.889,16.667,N
921,-0.865,-0.840,-0.445,166.667,55.556,330.556,1191.667,2.778,N
922,-0.255,-1.365,-0.420,19.444,5.556,308.333,1166.667,25.000,N
923,-0.135,-1.115,-0.440,16.667,8.333,300.000,1177.778,11.111,N
924,-0.235,-1.195,-0.435,16.667,8.333,272.222,1197.222,19.444,N
925,-0.160,-1.180,-0.430,16.667,8.333,288.889,1144.444,52.778,N
926,-0.835,-0.805,-0.390,166.667,66.667,355.556,1163.889,19.444,N
927,-0.145,-1.230,-0.330,16.667,5.556,286.111,1175.000,11.111,N
928,-0.755,-0.860,-0.320,172.222,61.111,347.222,1188.889,13.889,N
929,-0.280,-1.655,-0.345,27.778,2.778,288.889,1180.556,8.333,N
930,-0.850,-0.820,-0.410,175.000,55.556,336.111,1205.556,25.000,N
931,-0.325,-1.735,-0.280,25.000,0.000,286.111,1191.667,13.889,N
932,-0.750,-0.530,-0.310,169.444,66.667,350.000,1158.333,33.333,N
933,-0.230,-1.255,-0.375,19.444,5.556,308.333,1188.889,30.556,N
934,-0.260,-1.400,-0.390,19.444,5.556,269.444,1144.444,44.444,N
935,-0.905,-0.730,-0.460,152.778,63.889,333.333,1150.000,5.556,N
936,-0.430,-1.665,-0.415,22.222,2.778,291.667,1191.667,41.667,N
937,-0.865,-0.935,-0.385,166.667,55.556,344.444,1158.333,33.333,N
938,-0.835,-0.690,-0.390,163.889,63.889,352.778,1163.889,5.556,N
939,-0.280,-1.465,-0.380,19.444,5.556,291.667,1138.889,25.000,N
940,-0.840,-0.560,-0.380,172.222,72.222,375.000,1177.778,38.889,N
941,-0.260,-1.660,-0.335,25.000,0.000,280.556,1208.333,30.556,N
942,-0.820,-0.440,-0.355,166.667,72.222,352.778,1188.889,19.444,N
943,-0.220,-1.345,-0.415,16.667,5.556,305.556,1250.000,61.111,N
944,-0.225,-1.255,-0.470,13.889,8.333,266.667,1183.333,66.667,N
945,-0.945,-0.725,-0.450,155.556,52.778,322.222,1216.667,33.333,N
946,-0.285,-1.575,-0.400,19.444,2.778,286.111,1188.889,27.778,N
947,-0.835,-0.435,-0.395,166.667,69.444,352.778,1225.000,36.111,N
948,-0.320,-1.670,-0.390,22.222,0.000,288.889,1208.333,16.667,N
949,-0.845,-0.730,-0.440,177.778,72.222,355.556,1233.333,25.000,N
950,-0.335,-1.645,-0.410,22.222,2.778,277.778,1244.444,11.111,N
951,-0.880,-0.795,-0.500,175.000,72.222,352.778,1191.667,52.778,N
952,-0.915,-0.645,-0.530,166.667,72.222,358.333,1222.222,30.556,N
953,-0.310,-1.350,-0.520,19.444,8.333,280.556,1186.111,36.111,N
954,-0.925,-0.875,-0.480,161.111,69.444,350.000,1194.444,8.333,N
955,-0.335,-1.605,-0.440,22.222,2.778,286.111,1166.667,27.778,N
956,-0.875,-0.700,-0.455,163.889,66.667,352.778,1197.222,30.556,N
957,-0.300,-1.500,-0.425,19.444,5.556,275.000,1186.111,11.111,N
958,-0.885,-0.970,-0.415,177.778,66.667,341.667,1158.333,27.778,N
959,-0.820,-0.860,-0.420,163.889,55.556,350.000,1175.000,16.667,N
960,-0.210,-1.440,-0.350,22.222,5.556,300.000,1172.222,2.778,N
961,-0.765,-0.875,-0.370,166.667,63.889,355.556,1169.444,2.778,N
962,-0.255,-1.460,-0.355,19.444,5.556,294.444,1172.222,2.778,N
963,-0.875,-0.940,-0.475,161.111,55.556,327.778,1183.333,11.111,N
964,-0.225,-1.195,-0.430,16.667,8.333,286.111,1197.222,13.889,N
965,-0.990,-1.160,-0.540,166.667,69.444,352.778,1158.333,38.889,N
966,-0.960,-0.940,-0.520,158.333,55.556,350.000,1216.667,58.333,N
967,-0.290,-1.455,-0.470,19.444,5.556,297.222,1205.556,11.111,N
968,-0.900,-0.855,-0.475,158.333,69.444,336.111,1191.667,13.889,N
969,-0.295,-1.535,-0.435,22.222,2.778,288.889,1205.556,13.889,N
970,-0.125,-1.100,-0.460,13.889,8.333,280.556,1161.111,44.444,N
971,-0.910,-0.855,-0.500,169.444,69.444,361.111,1191.667,30.556,N
972,-0.390,-1.775,-0.445,27.778,2.778,283.333,1172.222,19.444,N
973,-0.925,-0.695,-0.475,166.667,52.778,338.889,1147.222,25.000,N
974,-0.375,-1.745,-0.365,22.222,2.778,283.333,1180.556,33.333,N
975,-0.145,-1.355,-0.485,16.667,8.333,294.444,1127.778,52.778,N
976,-0.145,-1.185,-0.290,13.889,8.333,286.111,1208.333,80.556,N
977,-0.080,-1.415,-0.355,19.444,5.556,291.667,1163.889,44.444,N
978,-0.880,-0.830,-0.370,177.778,69.444,344.444,1208.333,44.444,N
979,-0.200,-1.630,-0.325,22.222,2.778,272.222,1177.778,30.556,N
980,-0.815,-0.860,-0.365,175.000,66.667,350.000,1219.444,41.667,N
981,-0.240,-1.555,-0.295,22.222,2.778,283.333,1233.333,13.889,N
982,-0.840,-0.705,-0.400,169.444,63.889,338.889,1166.667,66.667,N
983,-0.895,-0.870,-0.460,169.444,66.667,350.000,1230.556,63.889,N
984,-0.395,-1.650,-0.535,19.444,5.556,277.778,1177.778,52.778,N
985,-0.995,-0.590,-0.550,166.667,69.444,352.778,1186.111,8.333,N
986,-0.405,-1.640,-0.410,22.222,2.778,272.222,1194.444,8.333,N
987,-0.850,-0.715,-0.430,175.000,63.889,344.444,1175.000,19.444,N
988,-0.265,-1.230,-0.410,13.889,8.333,286.111,1205.556,30.556,N
989,-0.120,-1.145,-0.380,16.667,8.333,305.556,1150.000,55.556,N
990,-0.805,-0.765,-0.345,172.222,72.222,347.222,1219.444,69.444,N
991,-0.165,-1.590,-0.295,22.222,0.000,277.778,1172.222,47.222,N
992,-0.765,-0.720,-0.375,169.444,66.667,352.778,1216.667,44.444,N
993,-0.265,-1.640,-0.310,25.000,0.000,291.667,1205.556,11.111,N
994,-0.805,-0.930,-0.430,175.000,58.333,336.111,1194.444,11.111,N
995,-0.865,-0.870,-0.435,169.444,69.444,344.444,1183.333,11.111,N
996,-0.230,-1.370,-0.390,22.222,5.556,288.889,1186.111,2.778,N
997,-0.780,-0.610,-0.380,175.000,69.444,344.444,1175.000,11.111,N
998,-0.195,-1.515,-0.270,27.778,0.000,294.444,1155.556,19.444,N
999,-0.710,-0.665,-0.305,163.889,58.333,350.000,1161.111,5.556,N
1000,-0.155,-1.220,-0.250,19.444,5.556,300.000,1208.333,47.222,N
1001,0.030,-0.975,-0.270,16.667,8.333,300.000,1161.111,47.222,N
1002,-0.725,-0.675,-0.320,158.333,63.889,347.222,1177.778,16.667,N
1003,-0.135,-1.430,-0.255,19.444,2.778,283.333,1175.000,2.778,N
1004,-0.765,-0.560,-0.365,158.333,52.778,316.667,1177.778,2.778,N
1005,-0.185,-1.505,-0.245,25.000,0.000,277.778,1172.222,5.556,N
1006,-0.705,-0.865,-0.290,161.111,50.000,322.222,1130.556,41.667,N
1007,-0.725,-0.550,-0.355,169.444,69.444,352.778,1177.778,47.222,N
1008,-0.270,-1.610,-0.335,25.000,0.000,288.889,1172.222,5.556,N
1009,-0.715,-0.740,-0.250,169.444,69.444,361.111,1141.667,30.556,N
1010,-0.015,-1.285,-0.120,22.222,2.778,277.778,1205.556,63.889,N
1011,-0.555,-0.655,-0.110,166.667,61.111,322.222,1144.444,61.111,N
1012,-0.575,-0.370,-0.090,169.444,69.444,341.667,1186.111,41.667,N
1013,0.010,-1.450,-0.140,27.778,0.000,269.444,1147.222,38.889,N
1014,-0.570,-0.350,-0.120,175.000,72.222,369.444,1191.667,44.444,N
1015,0.015,-1.285,-0.105,22.222,2.778,283.333,1200.000,8.333,N
1016,0.140,-0.945,-0.190,16.667,8.333,311.111,1163.889,36.111,N
1017,-0.645,-0.705,-0.210,166.667,61.111,350.000,1216.667,52.778,N
1018,-0.085,-1.205,-0.245,19.444,5.556,286.111,1177.778,38.889,N
1019,-0.800,-0.440,-0.335,152.778,72.222,347.222,1202.778,25.000,N
1020,-0.165,-1.440,-0.215,25.000,2.778,286.111,1200.000,2.778,N
1021,-0.570,-0.595,-0.190,161.111,55.556,350.000,1213.889,13.889,N
1022,-0.100,-1.285,-0.130,25.000,2.778,294.444,1211.111,2.778,N
1023,0.130,-0.910,-0.240,16.667,8.333,272.222,1191.667,19.444,N
1024,-0.140,-1.190,-0.275,19.444,5.556,283.333,1222.222,30.556,N
1025,-0.700,-0.810,-0.285,166.667,63.889,352.778,1150.000,72.222,N
1026,-0.715,-0.655,-0.270,169.444,63.889,347.222,1202.778,52.778,N
1027,-0.155,-1.425,-0.250,22.222,2.778,286.111,1177.778,25.000,N
1028,-0.640,-0.295,-0.215,163.889,66.667,347.222,1194.444,16.667,N
1029,-0.110,-1.355,-0.155,22.222,2.778,280.556,1183.333,11.111,N
1030,0.110,-0.950,-0.190,16.667,8.333,288.889,1158.333,25.000,N
1031,-0.625,-0.435,-0.210,158.333,72.222,344.444,1169.444,11.111,N
1032,-0.065,-1.200,-0.155,22.222,5.556,291.667,1158.333,11.111,N
1033,-0.545,-0.615,-0.165,163.889,66.667,358.333,1161.111,2.778,N
1034,-0.080,-1.350,-0.180,27.778,2.778,272.222,1197.222,36.111,N
1035,-0.690,-0.415,-0.250,163.889,69.444,338.889,1152.778,44.444,N
1036,-0.070,-0.965,-0.140,16.667,8.333,297.222,1186.111,33.333,N
1037,0.080,-0.910,-0.150,16.667,8.333,286.111,1144.444,41.667,N
1038,-0.615,-0.610,-0.205,172.222,63.889,366.667,1172.222,27.778,N
1039,-0.080,-1.460,-0.185,25.000,0.000,277.778,1169.444,2.778,N
1040,-0.620,-0.430,-0.220,166.667,63.889,352.778,1144.444,25.000,N
1041,-0.180,-1.150,-0.285,16.667,8.333,300.000,1202.778,58.333,N
1042,0.080,-0.910,-0.185,13.889,8.333,283.333,1150.000,52.778,N
1043,-0.570,-0.275,-0.135,169.444,69.444,344.444,1194.444,44.444,N
1044,-0.010,-1.285,-0.130,22.222,2.778,275.000,1186.111,8.333,N
1045,-0.605,-0.310,-0.235,161.111,58.333,341.667,1200.000,13.889,N
1046,-0.160,-1.460,-0.260,27.778,0.000,269.444,1172.222,27.778,N
1047,-0.720,-0.675,-0.330,163.889,52.778,347.222,1188.889,16.667,N
1048,-0.205,-1.320,-0.275,19.444,5.556,297.222,1213.889,25.000,N
1049,-0.775,-0.745,-0.380,161.111,58.333,350.000,1191.667,22.222,N
1050,-0.225,-1.220,-0.400,16.667,8.333,291.667,1261.111,69.444,N
1051,-0.870,-0.995,-0.425,163.889,63.889,350.000,1180.556,80.556,N
1052,-0.810,-0.815,-0.325,163.889,52.778,350.000,1225.000,44.444,N
1053,-0.200,-1.605,-0.270,25.000,2.778,288.889,1183.333,41.667,N
1054,-0.760,-0.650,-0.285,175.000,69.444,347.222,1205.556,22.222,N
1055,-0.215,-1.600,-0.315,19.444,2.778,277.778,1208.333,2.778,N
1056,-0.795,-0.600,-0.275,169.444,61.111,344.444,1177.778,30.556,N
1057,-0.660,-0.780,-0.200,166.667,61.111,350.000,1202.778,25.000,N
1058,-0.085,-1.405,-0.210,22.222,2.778,300.000,1163.889,38.889,N
1059,-0.640,-0.340,-0.185,161.111,69.444,341.667,1188.889,25.000,N
1060,-0.190,-1.575,-0.285,22.222,2.778,288.889,1200.000,11.111,N
1061,-0.710,-0.415,-0.215,161.111,72.222,350.000,1200.000,0.000,N
1062,-0.065,-1.105,-0.170,16.667,5.556,288.889,1225.000,25.000,N
1063,0.000,-1.010,-0.310,16.667,8.333,272.222,1191.667,33.333,N
1064,-0.725,-0.445,-0.325,169.444,72.222,347.222,1211.111,19.444,N
1065,-0.195,-1.530,-0.345,25.000,0.000,266.667,1191.667,19.444,N
1066,-0.750,-0.385,-0.315,161.111,55.556,322.222,1186.111,5.556,N
1067,-0.075,-1.245,-0.155,19.444,2.778,286.111,1233.333,47.222,N
1068,-0.665,-0.790,-0.310,175.000,69.444,341.667,1166.667,66.667,N
1069,-0.260,-1.485,-0.345,22.222,5.556,294.444,1191.667,25.000,N
1070,-0.845,-0.710,-0.390,177.778,72.222,352.778,1202.778,11.111,N
1071,-0.115,-1.445,-0.215,22.222,2.778,302.778,1216.667,13.889,N
1072,0.030,-0.970,-0.275,13.889,8.333,297.222,1180.556,36.111,N
1073,-0.780,-0.730,-0.395,175.000,69.444,347.222,1211.111,30.556,N
1074,-0.275,-1.650,-0.355,25.000,0.000,286.111,1197.222,13.889,N
1075,-0.740,-0.365,-0.335,158.333,58.333,344.444,1175.000,22.222,N
1076,-0.175,-1.225,-0.225,19.444,8.333,288.889,1216.667,41.667,N
1077,0.115,-0.965,-0.240,13.889,8.333,283.333,1147.222,69.444,N
1078,-0.675,-0.705,-0.290,169.444,66.667,355.556,1186.111,38.889,N
1079,-0.215,-1.495,-0.285,25.000,0.000,286.111,1172.222,13.889,N
1080,-0.725,-0.660,-0.335,172.222,55.556,344.444,1180.556,8.333,N
1081,-0.170,-1.360,-0.240,22.222,2.778,280.556,1197.222,16.667,N
1082,0.045,-0.955,-0.275,16.667,8.333,291.667,1152.778,44.444,N
1083,-0.695,-0.445,-0.325,166.667,66.667,347.222,1194.444,41.667,N
1084,-0.235,-1.570,-0.345,27.778,2.778,275.000,1163.889,30.556,N
1085,-0.820,-0.630,-0.415,166.667,69.444,347.222,1144.444,19.444,N
1086,-0.295,-1.415,-0.410,16.667,5.556,288.889,1169.444,25.000,N
1087,-0.060,-0.960,-0.300,16.667,8.333,294.444,1125.000,44.444,N
1088,-0.715,-0.565,-0.330,166.667,52.778,327.778,1183.333,58.333,N
1089,-0.220,-1.530,-0.285,25.000,2.778,277.778,1172.222,11.111,N
1090,-0.675,-0.320,-0.315,163.889,63.889,347.222,1175.000,2.778,N
1091,-0.175,-1.390,-0.275,19.444,2.778,277.778,1225.000,50.000,N
1092,-0.035,-0.920,-0.335,13.889,8.333,300.000,1172.222,52.778,N
1093,-0.750,-0.545,-0.365,163.889,55.556,322.222,1194.444,22.222,N
1094,-0.240,-1.525,-0.340,27.778,0.000,294.444,1183.333,11.111,N
1095,-0.710,-0.440,-0.360,166.667,72.222,355.556,1169.444,13.889,N
1096,-0.285,-1.520,-0.370,22.222,2.778,277.778,1183.333,13.889,N
1097,-0.795,-0.415,-0.440,166.667,66.667,344.444,1180.556,2.778,N
1098,-0.430,-1.600,-0.545,22.222,2.778,272.222,1194.444,13.889,N
1099,-0.245,-1.140,-0.465,16.667,8.333,277.778,1158.333,36.111,N
1100,-0.820,-0.430,-0.400,169.444,69.444,350.000,1183.333,25.000,N
1101,-0.375,-1.600,-0.515,22.222,2.778,275.000,1197.222,13.889,N
1102,-0.765,-0.410,-0.290,166.667,69.444,347.222,1172.222,25.000,N
1103,-0.180,-1.445,-0.225,27.778,2.778,288.889,1208.333,36.111,N
1104,-0.670,-0.710,-0.305,169.444,63.889,352.778,1152.778,55.556,N
1105,-0.170,-1.420,-0.270,22.222,2.778,286.111,1180.556,27.778,N
1106,-0.720,-0.845,-0.315,166.667,66.667,350.000,1127.778,52.778,N
1107,-0.770,-0.905,-0.445,175.000,50.000,322.222,1177.778,50.000,N
1108,-0.360,-1.735,-0.430,25.000,0.000,277.778,1172.222,5.556,N
1109,-0.835,-0.710,-0.460,172.222,66.667,352.778,1152.778,19.444,N
1110,-0.295,-1.305,-0.350,16.667,8.333,283.333,1180.556,27.778,N
1111,-0.125,-1.030,-0.415,16.667,11.111,297.222,1147.222,33.333,N
1112,-0.750,-0.770,-0.280,172.222,66.667,347.222,1147.222,0.000,N
1113,-0.140,-1.475,-0.270,22.222,2.778,277.778,1138.889,8.333,N
1114,-0.870,-0.850,-0.495,169.444,69.444,355.556,1155.556,16.667,N
1115,-0.305,-1.665,-0.390,25.000,2.778,272.222,1186.111,30.556,N
1116,-0.900,-1.020,-0.480,158.333,50.000,325.000,1130.556,55.556,N
1117,-0.915,-0.875,-0.460,158.333,52.778,322.222,1197.222,66.667,N
1118,-0.240,-1.235,-0.460,16.667,8.333,275.000,1147.222,50.000,N
1119,-0.935,-0.985,-0.510,161.111,52.778,347.222,1186.111,38.889,N
1120,-0.335,-1.540,-0.420,27.778,5.556,280.556,1177.778,8.333,N
1121,-0.800,-0.905,-0.365,172.222,66.667,347.222,1211.111,33.333,N
1122,-0.165,-1.425,-0.220,19.444,2.778,288.889,1205.556,5.556,N
1123,-0.035,-1.000,-0.330,13.889,8.333,300.000,1161.111,44.444,N
1124,-0.690,-0.720,-0.230,163.889,69.444,344.444,1172.222,11.111,N
1125,-0.065,-1.325,-0.245,22.222,5.556,272.222,1150.000,22.222,N
1126,-0.680,-0.480,-0.330,166.667,66.667,350.000,1175.000,25.000,N
1127,-0.340,-1.655,-0.395,22.222,0.000,277.778,1183.333,8.333,N
1128,-0.750,-0.675,-0.365,158.333,55.556,319.444,1138.889,44.444,N
1129,-0.765,-0.600,-0.450,166.667,63.889,350.000,1175.000,36.111,N
1130,-0.360,-1.620,-0.470,22.222,2.778,275.000,1169.444,5.556,N
1131,-0.785,-0.550,-0.390,163.889,55.556,344.444,1161.111,8.333,N
1132,-0.225,-1.300,-0.330,19.444,5.556,291.667,1175.000,13.889,N
1133,-0.100,-1.040,-0.425,16.667,8.333,283.333,1150.000,25.000,N
1134,-0.795,-0.425,-0.345,163.889,66.667,347.222,1188.889,38.889,N
1135,-0.085,-1.225,-0.265,19.444,5.556,277.778,1183.333,5.556,N
1136,-0.835,-0.565,-0.395,163.889,72.222,347.222,1186.111,2.778,N
1137,-0.100,-1.255,-0.195,19.444,5.556,277.778,1219.444,33.333,N
1138,-0.015,-1.020,-0.395,16.667,8.333,272.222,1172.222,47.222,N
1139,-0.150,-0.975,-0.345,13.889,11.111,286.111,1183.333,11.111,N
1140,-0.785,-0.925,-0.435,161.111,63.889,344.444,1155.556,27.778,N
1141,-0.815,-0.805,-0.410,175.000,66.667,355.556,1202.778,47.222,N
1142,-0.280,-1.190,-0.550,13.889,11.111,286.111,1172.222,30.556,N
1143,-0.900,-0.525,-0.405,158.333,55.556,347.222,1211.111,38.889,N
1144,-0.215,-1.560,-0.330,25.000,2.778,291.667,1216.667,5.556,N
1145,-0.720,-0.800,-0.330,161.111,52.778,350.000,1186.111,30.556,N
1146,-0.150,-1.310,-0.240,19.444,5.556,300.000,1213.889,27.778,N
1147,-0.155,-1.200,-0.530,16.667,8.333,302.778,1152.778,61.111,N
1148,-0.190,-1.195,-0.350,16.667,8.333,297.222,1211.111,58.333,N
1149,-0.120,-1.245,-0.385,19.444,5.556,291.667,1138.889,72.222,N
1150,-0.810,-0.860,-0.455,166.667,58.333,347.222,1191.667,52.778,N
1151,-0.455,-1.790,-0.595,22.222,0.000,288.889,1175.000,16.667,N
1152,-0.945,-0.535,-0.495,166.667,66.667,347.222,1166.667,8.333,N
1153,-0.305,-1.545,-0.370,22.222,2.778,294.444,1197.222,30.556,N
1154,-0.965,-0.840,-0.700,163.889,72.222,347.222,1155.556,41.667,N
1155,-0.330,-1.310,-0.490,13.889,8.333,288.889,1188.889,33.333,N
1156,-0.225,-1.610,-0.365,22.222,0.000,269.444,1150.000,38.889,N
1157,-0.940,-0.755,-0.545,166.667,69.444,352.778,1183.333,33.333,N
1158,-0.305,-1.710,-0.335,22.222,2.778,280.556,1172.222,11.111,N
1159,-0.865,-0.720,-0.415,172.222,69.444,347.222,1133.333,38.889,N
1160,-0.175,-1.260,-0.350,16.667,8.333,291.667,1172.222,38.889,N
1161,-0.055,-1.335,-0.315,19.444,5.556,302.778,1141.667,30.556,N
1162,-0.870,-0.660,-0.395,161.111,72.222,358.333,1188.889,47.222,N
1163,-0.265,-1.780,-0.335,25.000,0.000,286.111,1169.444,19.444,N
1164,-0.860,-0.915,-0.425,161.111,69.444,363.889,1205.556,36.111,N
1165,-0.240,-1.460,-0.365,19.444,5.556,275.000,1200.000,5.556,N
1166,-0.070,-0.970,-0.380,13.889,8.333,283.333,1166.667,33.333,N
1167,-0.930,-0.710,-0.425,155.556,69.444,347.222,1188.889,22.222,N
1168,-0.160,-1.475,-0.280,22.222,2.778,275.000,1180.556,8.333,N
1169,-0.680,-0.430,-0.305,161.111,52.778,325.000,1166.667,13.889,N
1170,-0.210,-1.435,-0.270,19.444,2.778,305.556,1202.778,36.111,N
1171,-0.765,-0.885,-0.355,175.000,55.556,336.111,1161.111,41.667,N
1172,-0.850,-0.620,-0.385,169.444,69.444,350.000,1188.889,27.778,N
1173,-0.120,-1.335,-0.270,22.222,2.778,286.111,1177.778,11.111,N
1174,-0.655,-0.680,-0.245,172.222,66.667,350.000,1188.889,11.111,N
1175,-0.125,-1.365,-0.200,22.222,2.778,272.222,1194.444,5.556,N
1176,-0.585,-0.565,-0.160,166.667,52.778,316.667,1163.889,30.556,N
1177,0.020,-0.890,-0.120,19.444,8.333,294.444,1205.556,41.667,N
1178,0.050,-1.070,-0.230,19.444,8.333,283.333,1150.000,55.556,N
1179,-0.750,-0.795,-0.380,166.667,63.889,352.778,1150.000,0.000,N
1180,-0.230,-1.490,-0.295,27.778,2.778,266.667,1175.000,25.000,N
1181,-0.735,-0.630,-0.320,158.333,69.444,344.444,1144.444,30.556,N
1182,-0.145,-1.335,-0.300,19.444,5.556,288.889,1194.444,50.000,N
1183,-0.095,-0.985,-0.345,13.889,8.333,297.222,1122.222,72.222,N
1184,-0.720,-0.675,-0.275,175.000,66.667,350.000,1208.333,86.111,N
1185,-0.185,-1.455,-0.260,27.778,0.000,266.667,1166.667,41.667,N
1186,-0.680,-0.350,-0.325,172.222,72.222,375.000,1172.222,5.556,N
1187,-0.205,-1.450,-0.255,22.222,2.778,288.889,1197.222,25.000,N
1188,-0.785,-0.650,-0.340,169.444,69.444,347.222,1172.222,25.000,N
1189,-0.095,-0.930,-0.185,13.889,8.333,300.000,1186.111,13.889,N
1190,-0.185,-1.245,-0.355,16.667,5.556,283.333,1150.000,36.111,N
1191,-0.565,-0.370,-0.130,158.333,66.667,336.111,1205.556,55.556,N
1192,-0.025,-1.300,-0.115,27.778,2.778,263.889,1186.111,19.444,N
1193,-0.530,-0.495,-0.170,166.667,66.667,355.556,1163.889,22.222,N
1194,-0.080,-1.235,-0.210,19.444,2.778,288.889,1205.556,41.667,N
1195,-0.065,-1.010,-0.315,16.667,8.333,291.667,1163.889,41.667,N
1196,-0.740,-0.640,-0.350,163.889,58.333,344.444,1188.889,25.000,N
1197,-0.110,-1.415,-0.200,27.778,0.000,294.444,1175.000,13.889,N
1198,-0.565,-0.625,-0.185,169.444,69.444,355.556,1177.778,2.778,N
1199,-0.005,-0.965,-0.160,16.667,8.333,280.556,1177.778,0.000,N
1200,0.130,-0.885,-0.170,16.667,8.333,288.889,1158.333,19.444,N
1201,-0.650,-0.625,-0.225,155.556,52.778,327.778,1175.000,16.667,N
1202,-0.055,-1.420,-0.175,30.556,2.778,272.222,1183.333,8.333,N
1203,-0.715,-0.395,-0.345,163.889,52.778,319.444,1150.000,33.333,N
1204,-0.095,-1.240,-0.080,19.444,5.556,286.111,1197.222,47.222,N
1205,0.225,-0.665,-0.080,16.667,11.111,305.556,1147.222,50.000,N
1206,0.105,-0.780,-0.110,13.889,8.333,294.444,1150.000,2.778,N
1207,0.005,-1.270,-0.195,22.222,2.778,283.333,1141.667,8.333,N
1208,-0.655,-0.500,-0.275,161.111,58.333,350.000,1144.444,2.778,N
1209,-0.150,-1.470,-0.200,22.222,2.778,277.778,1186.111,41.667,N
1210,-0.650,-0.530,-0.300,163.889,61.111,327.778,1113.889,72.222,N
1211,-0.110,-1.155,-0.280,19.444,8.333,277.778,1194.444,80.556,N
1212,-0.010,-1.120,-0.285,16.667,8.333,302.778,1138.889,55.556,N
1213,-0.760,-0.655,-0.270,163.889,55.556,344.444,1166.667,27.778,N
1214,-0.140,-1.520,-0.220,27.778,0.000,277.778,1166.667,0.000,N
1215,-0.585,-0.295,-0.195,163.889,63.889,355.556,1175.000,8.333,N
1216,-0.145,-1.310,-0.220,22.222,5.556,294.444,1202.778,27.778,N
1217,-0.030,-1.075,-0.355,16.667,5.556,297.222,1158.333,44.444,N
1218,-0.785,-0.595,-0.365,166.667,69.444,344.444,1183.333,25.000,N
1219,-0.300,-1.560,-0.395,22.222,2.778,263.889,1161.111,22.222,N
1220,-0.840,-0.665,-0.545,161.111,52.778,325.000,1147.222,13.889,N
1221,-0.340,-1.655,-0.345,25.000,0.000,283.333,1166.667,19.444,N
1222,-0.720,-0.725,-0.285,172.222,66.667,344.444,1166.667,0.000,N
1223,-0.070,-1.085,-0.245,19.444,8.333,283.333,1169.444,2.778,N
1224,-0.070,-1.315,-0.385,19.444,5.556,286.111,1130.556,38.889,N
1225,-0.815,-0.875,-0.395,175.000,69.444,350.000,1194.444,63.889,N
1226,-0.275,-1.630,-0.410,25.000,2.778,277.778,1150.000,44.444,N
1227,-0.850,-0.455,-0.355,163.889,66.667,350.000,1177.778,27.778,N
1228,-0.135,-1.300,-0.205,22.222,2.778,280.556,1194.444,16.667,N
1229,-0.610,-0.560,-0.225,172.222,61.111,344.444,1175.000,19.444,N
1230,-0.620,-0.595,-0.200,166.667,66.667,347.222,1175.000,0.000,N
1231,-0.120,-1.370,-0.285,25.000,2.778,275.000,1183.333,8.333,N
1232,-0.725,-0.680,-0.405,161.111,55.556,347.222,1166.667,16.667,N
1233,-0.215,-1.480,-0.220,25.000,0.000,300.000,1172.222,5.556,N
1234,-0.600,-0.570,-0.280,169.444,69.444,352.778,1141.667,30.556,N
1235,-0.755,-0.860,-0.290,166.667,55.556,350.000,1191.667,50.000,N
1236,-0.040,-1.335,-0.185,19.444,2.778,280.556,1150.000,41.667,N
1237,-0.630,-0.465,-0.275,166.667,63.889,347.222,1158.333,8.333,N
1238,-0.155,-1.585,-0.210,27.778,2.778,275.000,1188.889,30.556,N
1239,0.125,-1.050,-0.315,16.667,8.333,275.000,1136.111,52.778,N
1240,-0.835,-1.060,-0.300,169.444,66.667,347.222,1147.222,11.111,N
1241,-0.040,-1.290,-0.230,19.444,5.556,294.444,1127.778,19.444,N
1242,-0.645,-0.555,-0.240,166.667,66.667,358.333,1166.667,38.889,N
1243,-0.160,-1.510,-0.255,27.778,2.778,288.889,1172.222,5.556,N
1244,-0.625,-0.640,-0.280,163.889,52.778,344.444,1152.778,19.444,N
1245,-0.180,-1.465,-0.220,22.222,2.778,283.333,1191.667,38.889,N
1246,-0.675,-0.600,-0.285,158.333,55.556,319.444,1141.667,50.000,N
1247,-0.145,-1.350,-0.290,19.444,5.556,283.333,1166.667,25.000,N
1248,-0.045,-1.355,-0.280,22.222,2.778,286.111,1125.000,41.667,N
1249,-0.750,-0.680,-0.230,163.889,61.111,347.222,1155.556,30.556,N
1250,-0.010,-1.395,-0.060,27.778,2.778,272.222,1169.444,13.889,N
1251,-0.495,-0.390,-0.115,161.111,52.778,344.444,1122.222,47.222,N
1252,-0.005,-1.185,-0.200,19.444,5.556,294.444,1186.111,63.889,N
1253,-0.060,-1.290,-0.385,16.667,5.556,286.111,1133.333,52.778,N
1254,-0.840,-0.565,-0.400,163.889,63.889,344.444,1161.111,27.778,N
1255,-0.305,-1.625,-0.375,25.000,2.778,294.444,1136.111,25.000,N
1256,-0.875,-0.510,-0.435,172.222,55.556,352.778,1180.556,44.444,N
1257,-0.190,-1.540,-0.205,22.222,0.000,272.222,1177.778,2.778,N
1258,0.105,-0.875,-0.210,16.667,8.333,294.444,1141.667,36.111,N
1259,-0.625,-0.640,-0.255,161.111,52.778,341.667,1188.889,47.222,N
1260,-0.150,-1.455,-0.310,22.222,2.778,272.222,1166.667,22.222,N
1261,-0.675,-0.360,-0.315,161.111,66.667,350.000,1175.000,8.333,N
1262,-0.085,-1.160,-0.145,19.444,5.556,283.333,1197.222,22.222,N
1263,0.170,-0.815,-0.145,13.889,8.333,288.889,1150.000,47.222,N
1264,0.125,-0.805,-0.120,13.889,8.333,294.444,1191.667,41.667,N
1265,-0.005,-1.090,-0.205,19.444,8.333,302.778,1158.333,33.333,N
1266,-0.495,-0.115,-0.055,161.111,55.556,344.444,1197.222,38.889,N
1267,0.080,-1.120,-0.005,22.222,5.556,297.222,1175.000,22.222,N
1268,-0.490,-0.490,-0.155,166.667,55.556,350.000,1158.333,16.667,N
1269,-0.050,-0.875,-0.170,13.889,8.333,300.000,1177.778,19.444,N
1270,-0.025,-0.970,-0.250,13.889,8.333,275.000,1158.333,19.444,N
1271,-0.470,-0.155,-0.025,150.000,72.222,341.667,1155.556,2.778,N
1272,0.045,-1.250,-0.050,27.778,0.000,272.222,1188.889,33.333,N
1273,-0.465,-0.095,-0.125,166.667,69.444,355.556,1161.111,27.778,N
1274,-0.005,-1.135,-0.110,19.444,5.556,294.444,1172.222,11.111,N
1275,-0.005,-0.940,-0.275,16.667,8.333,294.444,1136.111,36.111,N
1276,-0.070,-1.080,-0.185,19.444,8.333,297.222,1197.222,61.111,N
1277,0.035,-1.015,-0.260,16.667,8.333,286.111,1152.778,44.444,N
1278,-0.700,-0.565,-0.260,158.333,55.556,327.778,1169.444,16.667,N
1279,-0.095,-1.460,-0.195,27.778,2.778,272.222,1175.000,5.556,N
1280,-0.745,-0.550,-0.410,175.000,69.444,344.444,1155.556,19.444,N
1281,-0.135,-1.470,-0.105,25.000,0.000,280.556,1169.444,13.889,N
1282,-0.545,-0.690,-0.130,177.778,66.667,344.444,1127.778,41.667,N
1283,-0.575,-0.720,-0.170,175.000,69.444,352.778,1197.222,69.444,N
1284,-0.165,-1.345,-0.200,30.556,8.333,288.889,1175.000,22.222,N
1285,-0.685,-0.655,-0.340,161.111,55.556,341.667,1147.222,27.778,N
1286,-0.845,-0.765,-0.420,172.222,69.444,352.778,1177.778,30.556,N
1287,-0.185,-1.445,-0.240,22.222,0.000,266.667,1161.111,16.667,N
1288,-0.725,-0.500,-0.270,169.444,66.667,347.222,1136.111,25.000,N
1289,-0.045,-0.980,-0.135,16.667,8.333,280.556,1191.667,55.556,N
1290,0.125,-0.860,-0.190,16.667,8.333,302.778,1166.667,25.000,N
1291,-0.650,-0.520,-0.200,172.222,72.222,347.222,1216.667,50.000,N
1292,-0.090,-1.270,-0.250,19.444,5.556,302.778,1152.778,63.889,N
1293,-0.665,-0.690,-0.215,172.222,66.667,352.778,1205.556,52.778,N
1294,-0.115,-1.365,-0.305,19.444,5.556,275.000,1161.111,44.444,N
1295,-0.610,-0.570,-0.175,161.111,58.333,327.778,1197.222,36.111,N
1296,-0.025,-1.270,-0.115,22.222,5.556,288.889,1186.111,11.111,N
1297,0.030,-0.905,-0.320,13.889,8.333,291.667,1197.222,11.111,N
1298,-0.755,-0.705,-0.350,161.111,55.556,344.444,1186.111,11.111,N
1299,-0.735,-0.875,-0.325,175.000,58.333,350.000,1169.444,16.667,N
1300,-0.730,-0.595,-0.320,169.444,72.222,344.444,1183.333,13.889,N
1301,-0.145,-1.255,-0.325,19.444,5.556,280.556,1141.667,41.667,N
1302,-0.750,-0.680,-0.370,166.667,63.889,338.889,1161.111,19.444,N
1303,-0.135,-1.315,-0.250,19.444,5.556,275.000,1177.778,16.667,N
1304,-0.720,-0.630,-0.385,163.889,66.667,350.000,1144.444,33.333,N
1305,-0.815,-0.805,-0.305,161.111,66.667,344.444,1141.667,2.778,N
1306,-0.030,-1.125,-0.230,19.444,5.556,275.000,1150.000,8.333,N
1307,-0.660,-0.640,-0.360,166.667,58.333,316.667,1169.444,19.444,N
1308,-0.265,-1.605,-0.385,25.000,2.778,283.333,1158.333,11.111,N
1309,-0.825,-0.805,-0.430,166.667,63.889,347.222,1158.333,0.000,N
1310,-0.355,-1.585,-0.445,22.222,5.556,300.000,1186.111,27.778,N
1311,-0.825,-0.820,-0.275,158.333,61.111,327.778,1161.111,25.000,N
1312,0.025,-1.195,-0.090,19.444,2.778,300.000,1169.444,8.333,N
1313,0.095,-0.990,-0.205,16.667,8.333,286.111,1155.556,13.889,N
1314,-0.635,-0.645,-0.245,163.889,61.111,316.667,1158.333,2.778,N
1315,-0.095,-1.250,-0.300,19.444,5.556,291.667,1136.111,22.222,N
1316,-0.820,-0.425,-0.370,163.889,72.222,350.000,1141.667,5.556,N
1317,-0.210,-1.530,-0.330,22.222,2.778,277.778,1180.556,38.889,N
1318,-0.790,-0.810,-0.355,163.889,63.889,352.778,1144.444,36.111,N
1319,-0.165,-1.205,-0.290,16.667,5.556,288.889,1172.222,27.778,N
1320,-0.090,-1.025,-0.345,13.889,8.333,291.667,1163.889,8.333,N
1321,-0.755,-0.535,-0.360,158.333,63.889,347.222,1155.556,8.333,N
1322,-0.250,-1.460,-0.365,22.222,2.778,269.444,1166.667,11.111,N
1323,-0.720,-0.465,-0.325,166.667,63.889,350.000,1138.889,27.778,N
1324,-0.165,-1.185,-0.235,19.444,5.556,275.000,1200.000,61.111,N
1325,-0.690,-0.830,-0.340,163.889,61.111,347.222,1133.333,66.667,N
1326,-0.715,-0.860,-0.300,180.556,69.444,347.222,1183.333,50.000,N
1327,-0.135,-1.240,-0.325,19.444,5.556,294.444,1155.556,27.778,N
1328,-0.650,-0.620,-0.225,172.222,66.667,352.778,1169.444,13.889,N
1329,-0.135,-1.475,-0.295,22.222,2.778,277.778,1150.000,19.444,N
1330,-0.760,-0.760,-0.345,172.222,69.444,347.222,1191.667,41.667,N
1331,-0.220,-1.620,-0.305,22.222,2.778,275.000,1186.111,5.556,N
1332,-0.855,-0.850,-0.415,161.111,52.778,322.222,1155.556,30.556,N
1333,-0.265,-1.550,-0.420,22.222,5.556,277.778,1202.778,47.222,N
1334,-0.225,-1.255,-0.500,16.667,8.333,288.889,1155.556,47.222,N
1335,-0.895,-0.935,-0.405,166.667,55.556,327.778,1175.000,19.444,N
1336,-0.225,-1.390,-0.395,19.444,5.556,275.000,1147.222,27.778,N
1337,-0.820,-0.755,-0.445,166.667,58.333,347.222,1169.444,22.222,N
1338,-0.340,-1.705,-0.460,27.778,0.000,275.000,1194.444,25.000,N
1339,-0.890,-0.985,-0.395,163.889,55.556,350.000,1166.667,27.778,N
1340,-0.230,-1.560,-0.330,22.222,2.778,283.333,1222.222,55.556,N
1341,-0.890,-1.090,-0.475,161.111,58.333,322.222,1147.222,75.000,N
1342,-0.820,-0.460,-0.350,161.111,66.667,350.000,1175.000,27.778,N
1343,-0.255,-1.570,-0.345,27.778,2.778,283.333,1147.222,27.778,N
1344,-0.815,-0.610,-0.445,169.444,61.111,341.667,1180.556,33.333,N
1345,-0.330,-1.590,-0.400,22.222,2.778,275.000,1197.222,16.667,N
1346,-0.110,-1.155,-0.415,16.667,8.333,283.333,1155.556,41.667,N
1347,-0.835,-1.040,-0.435,172.222,69.444,350.000,1194.444,38.889,N
1348,-0.280,-1.490,-0.530,19.444,5.556,302.778,1147.222,47.222,N
1349,-0.885,-0.605,-0.490,163.889,69.444,355.556,1175.000,27.778,N
1350,-0.350,-1.750,-0.410,25.000,2.778,275.000,1175.000,0.000,N
1351,-0.875,-0.790,-0.495,169.444,66.667,350.000,1163.889,11.111,N
1352,-0.385,-1.600,-0.475,19.444,2.778,291.667,1169.444,5.556,N
1353,-0.925,-0.985,-0.480,172.222,69.444,352.778,1133.333,36.111,N
1354,-0.880,-1.030,-0.405,166.667,55.556,341.667,1161.111,27.778,N
1355,-0.180,-1.200,-0.385,16.667,8.333,288.889,1111.111,50.000,N
1356,-0.810,-0.650,-0.410,166.667,69.444,350.000,1161.111,50.000,N
1357,-0.235,-1.610,-0.325,27.778,2.778,275.000,1161.111,0.000,N
1358,-0.795,-0.805,-0.380,169.444,69.444,347.222,1188.889,27.778,N
1359,-0.870,-0.855,-0.455,155.556,52.778,319.444,1136.111,52.778,N
1360,-0.250,-1.365,-0.355,22.222,5.556,300.000,1144.444,8.333,N
1361,-0.790,-0.795,-0.415,169.444,66.667,347.222,1111.111,33.333,N
1362,-0.320,-1.480,-0.430,19.444,5.556,288.889,1102.778,8.333,N
1363,-0.920,-1.105,-0.510,166.667,55.556,336.111,1094.444,8.333,N
1364,-0.885,-0.830,-0.455,166.667,61.111,350.000,1094.444,0.000,N
1365,-0.265,-1.550,-0.440,22.222,2.778,286.111,1113.889,19.444,N
1366,-0.905,-0.915,-0.450,172.222,69.444,347.222,1102.778,11.111,N
1367,-0.375,-1.650,-0.510,22.222,2.778,280.556,1144.444,41.667,N
1368,-0.915,-0.930,-0.400,183.333,55.556,344.444,1166.667,22.222,N
1369,-0.175,-1.415,-0.300,19.444,5.556,280.556,1197.222,30.556,N
1370,-0.055,-0.985,-0.340,13.889,8.333,300.000,1180.556,16.667,N
1371,-0.095,-1.055,-0.305,16.667,8.333,280.556,1219.444,38.889,N
1372,-0.110,-1.010,-0.375,13.889,8.333,283.333,1200.000,19.444,N
1373,-0.825,-0.875,-0.380,158.333,52.778,319.444,1202.778,2.778,N
1374,-0.205,-1.365,-0.370,19.444,5.556,283.333,1191.667,11.111,N
1375,-0.810,-0.810,-0.435,169.444,58.333,341.667,1191.667,0.000,N
1376,-0.255,-1.530,-0.365,22.222,0.000,277.778,1183.333,8.333,N
1377,-0.895,-0.870,-0.465,169.444,58.333,347.222,1144.444,38.889,N
1378,-0.785,-0.775,-0.390,177.778,55.556,347.222,1191.667,47.222,N
1379,-0.210,-1.365,-0.335,19.444,5.556,275.000,1172.222,19.444,N
1380,-0.740,-0.630,-0.380,163.889,58.333,347.222,1169.444,2.778,N
1381,-0.260,-1.520,-0.380,19.444,5.556,280.556,1222.222,52.778,N
1382,-0.945,-0.875,-0.530,155.556,58.333,333.333,1166.667,55.556,N
1383,-0.300,-1.195,-0.505,13.889,8.333,286.111,1197.222,30.556,N
1384,-0.330,-1.410,-0.525,19.444,8.333,275.000,1155.556,41.667,N
1385,-0.915,-0.845,-0.475,180.556,69.444,341.667,1183.333,27.778,N
1386,-0.305,-1.700,-0.460,22.222,0.000,277.778,1166.667,16.667,N
1387,-0.950,-0.970,-0.505,172.222,55.556,347.222,1180.556,13.889,N
1388,-0.265,-1.515,-0.355,19.444,2.778,291.667,1208.333,27.778,N
1389,-0.835,-0.775,-0.445,158.333,55.556,352.778,1150.000,58.333,N
1390,-0.870,-0.915,-0.405,166.667,69.444,350.000,1191.667,41.667,N
1391,-0.235,-1.355,-0.400,19.444,5.556,294.444,1158.333,33.333,N
1392,-0.890,-0.795,-0.460,166.667,63.889,350.000,1194.444,36.111,N
1393,-0.185,-1.540,-0.205,25.000,0.000,280.556,1188.889,5.556,N
1394,-0.700,-0.555,-0.315,172.222,72.222,350.000,1155.556,33.333,N
1395,-0.185,-1.215,-0.310,19.444,8.333,294.444,1191.667,36.111,N
1396,-0.720,-0.870,-0.355,169.444,66.667,352.778,1133.333,58.333,N
1397,-0.840,-0.915,-0.435,172.222,69.444,344.444,1183.333,50.000,N
1398,-0.270,-1.585,-0.380,22.222,2.778,277.778,1175.000,8.333,N
1399,-0.845,-0.700,-0.400,169.444,66.667,347.222,1175.000,0.000,N
1400,-0.270,-1.515,-0.325,22.222,2.778,288.889,1175.000,0.000,N
1401,-0.095,-1.075,-0.400,13.889,8.333,294.444,1163.889,11.111,N
1402,-0.165,-1.190,-0.350,16.667,8.333,280.556,1180.556,16.667,N
1403,-0.190,-1.385,-0.400,19.444,5.556,283.333,1138.889,41.667,N
1404,-0.875,-0.990,-0.470,155.556,63.889,336.111,1161.111,22.222,N
1405,-0.400,-1.660,-0.440,22.222,2.778,291.667,1186.111,25.000,N
1406,-0.970,-0.810,-0.510,158.333,55.556,322.222,1152.778,33.333,N
1407,-0.265,-1.185,-0.460,16.667,8.333,294.444,1183.333,30.556,N
1408,-0.280,-1.560,-0.425,22.222,2.778,288.889,1169.444,13.889,N
1409,-0.915,-1.100,-0.515,169.444,66.667,350.000,1169.444,0.000,N
1410,-0.385,-1.700,-0.425,25.000,0.000,263.889,1191.667,22.222,N
1411,-0.850,-0.760,-0.490,161.111,58.333,347.222,1158.333,33.333,N
1412,-0.375,-1.395,-0.400,19.444,5.556,294.444,1211.111,52.778,N
1413,-0.220,-1.175,-0.475,16.667,8.333,291.667,1144.444,66.667,N
1414,-0.910,-0.945,-0.515,172.222,69.444,352.778,1197.222,52.778,N
1415,-0.440,-1.760,-0.495,27.778,2.778,288.889,1169.444,27.778,N
1416,-0.960,-1.035,-0.565,166.667,58.333,341.667,1150.000,19.444,N
1417,-0.495,-1.770,-0.480,25.000,2.778,269.444,1175.000,25.000,N
1418,-0.930,-0.925,-0.480,169.444,69.444,341.667,1147.222,27.778,N
1419,-0.980,-1.120,-0.500,169.444,63.889,350.000,1183.333,36.111,N
1420,-0.325,-1.595,-0.470,22.222,5.556,294.444,1136.111,47.222,N
1421,-0.905,-0.700,-0.450,161.111,58.333,347.222,1188.889,52.778,N
1422,-0.380,-1.650,-0.435,22.222,2.778,286.111,1152.778,36.111,N
1423,-0.880,-0.820,-0.480,163.889,66.667,350.000,1152.778,0.000,N
1424,-0.375,-1.670,-0.375,22.222,0.000,266.667,1169.444,16.667,N
1425,-0.800,-0.650,-0.420,163.889,55.556,344.444,1130.556,38.889,N
1426,-0.915,-1.015,-0.385,169.444,63.889,350.000,1172.222,41.667,N
1427,-0.150,-1.465,-0.270,19.444,2.778,288.889,1116.667,55.556,N
1428,-0.815,-0.725,-0.370,161.111,52.778,333.333,1172.222,55.556,N
1429,-0.240,-1.540,-0.245,22.222,2.778,280.556,1158.333,13.889,N
1430,-0.735,-0.875,-0.335,169.444,63.889,344.444,1127.778,30.556,N
1431,-0.810,-0.825,-0.290,166.667,66.667,344.444,1169.444,41.667,N
1432,-0.240,-1.535,-0.285,25.000,2.778,291.667,1163.889,5.556,N
1433,-0.810,-0.890,-0.330,169.444,69.444,347.222,1169.444,5.556,N
1434,-0.285,-1.710,-0.325,22.222,2.778,305.556,1186.111,16.667,N
1435,0.005,-1.080,-0.285,13.889,8.333,288.889,1150.000,36.111,N
1436,-0.785,-0.695,-0.380,161.111,52.778,322.222,1177.778,27.778,N
1437,-0.390,-1.805,-0.400,27.778,2.778,286.111,1155.556,22.222,N
1438,-0.780,-0.650,-0.320,163.889,55.556,344.444,1152.778,2.778,N
1439,-0.225,-1.485,-0.290,19.444,2.778,286.111,1211.111,58.333,N
1440,-0.065,-1.100,-0.345,16.667,8.333,280.556,1150.000,61.111,N
1441,-0.800,-0.810,-0.385,177.778,69.444,352.778,1194.444,44.444,N
1442,-0.265,-1.675,-0.380,27.778,0.000,283.333,1172.222,22.222,N
1443,-0.810,-0.455,-0.370,163.889,66.667,352.778,1147.222,25.000,N
1444,-0.345,-1.680,-0.325,27.778,0.000,286.111,1177.778,30.556,N
1445,-0.040,-1.015,-0.395,13.889,8.333,280.556,1138.889,38.889,N
1446,-0.825,-0.950,-0.405,169.444,61.111,347.222,1183.333,44.444,N
1447,-0.315,-1.590,-0.370,27.778,2.778,277.778,1158.333,25.000,N
1448,-0.805,-0.715,-0.380,175.000,72.222,366.667,1163.889,5.556,N
1449,-0.320,-1.490,-0.365,19.444,2.778,291.667,1177.778,13.889,N
1450,-0.860,-0.970,-0.405,175.000,55.556,352.778,1127.778,50.000,N
1451,-0.800,-0.735,-0.380,169.444,66.667,355.556,1180.556,52.778,N
1452,-0.300,-1.590,-0.350,27.778,0.000,291.667,1169.444,11.111,N
1453,-0.775,-0.715,-0.380,166.667,66.667,347.222,1166.667,2.778,N
1454,-0.265,-1.325,-0.370,19.444,5.556,266.667,1194.444,27.778,N
1455,-0.185,-1.330,-0.420,16.667,5.556,286.111,1175.000,19.444,N
1456,-0.880,-0.910,-0.485,169.444,66.667,341.667,1172.222,2.778,N
1457,-0.410,-1.725,-0.495,27.778,2.778,277.778,1147.222,25.000,N
1458,-0.885,-0.610,-0.445,169.444,72.222,355.556,1144.444,2.778,N
1459,-0.345,-1.590,-0.355,22.222,2.778,283.333,1183.333,38.889,N
1460,-0.855,-0.855,-0.435,172.222,69.444,338.889,1163.889,19.444,N
1461,-0.815,-0.910,-0.385,161.111,52.778,347.222,1205.556,41.667,N
1462,-0.200,-1.430,-0.365,19.444,2.778,280.556,1194.444,11.111,N
1463,-0.825,-0.555,-0.395,158.333,72.222,341.667,1200.000,5.556,N
1464,-0.350,-1.640,-0.320,25.000,0.000,283.333,1197.222,2.778,N
1465,-0.890,-0.880,-0.465,166.667,69.444,344.444,1169.444,27.778,N
1466,-0.225,-1.220,-0.345,16.667,8.333,286.111,1202.778,33.333,N
1467,-0.155,-1.315,-0.355,19.444,5.556,277.778,1141.667,61.111,N
1468,-0.835,-0.830,-0.415,166.667,52.778,352.778,1163.889,22.222,N
1469,-0.350,-1.675,-0.375,25.000,0.000,277.778,1200.000,36.111,N
1470,-0.825,-0.590,-0.405,158.333,72.222,355.556,1147.222,52.778,N
1471,-0.250,-1.080,-0.345,13.889,8.333,294.444,1200.000,52.778,N
1472,-0.260,-1.280,-0.470,16.667,8.333,291.667,1138.889,61.111,N
1473,-0.855,-0.945,-0.365,175.000,55.556,341.667,1191.667,52.778,N
1474,-0.325,-1.595,-0.465,25.000,2.778,266.667,1138.889,52.778,N
1475,-0.820,-0.745,-0.400,169.444,66.667,350.000,1166.667,27.778,N
1476,-0.270,-1.610,-0.320,22.222,0.000,283.333,1177.778,11.111,N
1477,-0.840,-0.935,-0.430,161.111,55.556,347.222,1113.889,63.889,N
1478,-0.870,-0.755,-0.445,161.111,58.333,344.444,1169.444,55.556,N
1479,-0.385,-1.790,-0.460,27.778,2.778,275.000,1163.889,5.556,N
1480,-0.970,-0.800,-0.495,163.889,66.667,347.222,1183.333,19.444,N
1481,-0.405,-1.760,-0.365,27.778,0.000,277.778,1197.222,13.889,N
1482,-0.055,-1.135,-0.430,16.667,8.333,288.889,1175.000,22.222,N
1483,-0.885,-1.085,-0.450,169.444,66.667,350.000,1191.667,16.667,N
1484,-0.365,-1.695,-0.505,19.444,2.778,288.889,1144.444,47.222,N
1485,-0.925,-0.675,-0.485,166.667,63.889,355.556,1180.556,36.111,N
1486,-0.455,-1.795,-0.530,27.778,0.000,288.889,1180.556,0.000,N
1487,-0.860,-0.695,-0.415,166.667,61.111,341.667,1188.889,8.333,N
1488,-0.365,-1.705,-0.410,25.000,2.778,283.333,1188.889,0.000,N
1489,-0.915,-0.830,-0.405,169.444,69.444,350.000,1191.667,2.778,N
1490,-0.110,-1.165,-0.285,16.667,5.556,283.333,1202.778,11.111,N
1491,-0.170,-1.350,-0.330,19.444,5.556,288.889,1161.111,41.667,N
1492,-0.830,-0.750,-0.445,158.333,58.333,350.000,1183.333,22.222,N
1493,-0.350,-1.545,-0.440,22.222,5.556,286.111,1186.111,2.778,N
1494,-0.850,-0.735,-0.425,163.889,66.667,352.778,1163.889,22.222,N
1495,-0.340,-1.700,-0.335,25.000,0.000,288.889,1177.778,13.889,N
1496,-0.065,-1.060,-0.385,16.667,8.333,288.889,1155.556,22.222,N
1497,-0.145,-1.145,-0.395,16.667,8.333,286.111,1169.444,13.889,N
1498,-0.275,-1.545,-0.345,22.222,2.778,263.889,1158.333,11.111,N
1499,-0.860,-0.930,-0.420,172.222,66.667,347.222,1172.222,13.889,N
1500,-0.220,-1.540,-0.225,22.222,2.778,258.333,1200.000,27.778,N
1501,-0.720,-0.775,-0.325,166.667,69.444,350.000,1133.333,66.667,N
1502,-0.205,-1.330,-0.345,19.444,5.556,288.889,1205.556,72.222,N
1503,-0.170,-1.250,-0.435,16.667,8.333,286.111,1141.667,63.889,N
1504,-0.865,-0.760,-0.435,172.222,69.444,352.778,1163.889,22.222,N
1505,-0.310,-1.645,-0.340,25.000,0.000,283.333,1161.111,2.778,N
1506,-0.750,-0.855,-0.335,163.889,52.778,344.444,1150.000,11.111,N
1507,-0.235,-1.345,-0.350,16.667,5.556,286.111,1186.111,36.111,N
1508,-0.105,-1.105,-0.345,16.667,8.333,280.556,1141.667,44.444,N
1509,-0.785,-0.925,-0.425,158.333,66.667,347.222,1163.889,22.222,N
1510,-0.410,-1.680,-0.440,22.222,2.778,269.444,1150.000,13.889,N
1511,-0.785,-0.790,-0.335,163.889,55.556,325.000,1125.000,25.000,N
1512,-0.165,-1.225,-0.300,16.667,5.556,291.667,1150.000,25.000,N
1513,-0.120,-1.000,-0.405,13.889,8.333,294.444,1133.333,16.667,N
1514,-0.840,-0.880,-0.395,169.444,69.444,352.778,1169.444,36.111,N
1515,-0.335,-1.595,-0.390,25.000,2.778,286.111,1138.889,30.556,N
1516,-0.820,-0.580,-0.420,175.000,69.444,341.667,1169.444,30.556,N
1517,-0.275,-1.500,-0.340,22.222,2.778,275.000,1172.222,2.778,N
1518,-0.080,-1.015,-0.330,13.889,8.333,288.889,1125.000,47.222,N
1519,-0.765,-0.445,-0.325,161.111,55.556,341.667,1147.222,22.222,N
1520,-0.190,-1.505,-0.285,22.222,2.778,283.333,1161.111,13.889,N
1521,-0.690,-0.320,-0.230,161.111,69.444,352.778,1147.222,13.889,N
1522,-0.130,-1.425,-0.150,25.000,0.000,294.444,1172.222,25.000,N
1523,-0.630,-0.800,-0.215,163.889,61.111,344.444,1130.556,41.667,N
1524,-0.705,-0.865,-0.305,163.889,55.556,319.444,1155.556,25.000,N
1525,-0.170,-1.505,-0.200,22.222,0.000,275.000,1138.889,16.667,N
1526,-0.610,-0.515,-0.220,163.889,61.111,344.444,1138.889,0.000,N
1527,-0.645,-0.635,-0.150,161.111,61.111,341.667,1161.111,22.222,N
1528,-0.565,0.070,-0.175,155.556,63.889,325.000,1127.778,33.333,N
1529,-0.620,-0.055,-0.215,169.444,69.444,352.778,1177.778,50.000,N
1530,-0.605,-0.125,-0.210,150.000,69.444,355.556,1158.333,19.444,N
1531,-0.680,0.080,-0.230,155.556,80.556,377.778,1188.889,30.556,N